period,branch_id,indicator_key,raw_value,log_value,score,weighted_score,indicator_rank
1404-04,101,avg_deposits,43914706149139.99,31.413270371920145,759.9674518343115,379.98372591715577,3
1404-04,102,avg_deposits,54692261434181.13,31.632743342481383,812.200458385167,406.1002291925835,2
1404-04,103,avg_deposits,15115661113163.514,30.34675248208301,506.1437769461815,253.07188847309075,49
1404-04,104,avg_deposits,14389435537111.031,30.297515410006486,494.4257038652854,247.2128519326427,52
1404-04,105,avg_deposits,28650133659547.074,30.986179224333146,658.3227953070074,329.1613976535037,10
1404-04,106,avg_deposits,13846459944158.623,30.25905071619106,485.27138021941624,242.63569010970812,55
1404-04,107,avg_deposits,11899344303581.234,30.107504413988632,449.20443778247227,224.60221889123613,69
1404-04,108,avg_deposits,19377069085455.168,30.595111476973567,565.251451909112,282.625725954556,28
1404-04,109,avg_deposits,7286772629978.086,29.617081851986228,332.48735490774334,166.24367745387167,110
1404-04,110,avg_deposits,26078539764653.668,30.8921338608004,635.9406674444199,317.97033372220994,12
1404-04,111,avg_deposits,33570044477152.44,31.144655251827373,696.0389630933722,348.0194815466861,7
1404-04,112,avg_deposits,19356834942165.31,30.594066700019713,565.0028024224107,282.50140121120535,29
1404-04,114,avg_deposits,21786474723870.8,30.712310467669575,593.1439784153321,296.57198920766604,19
1404-04,115,avg_deposits,24943140668154.797,30.847619977207778,625.3466796410395,312.67333982051974,13
1404-04,116,avg_deposits,19139680435453.797,30.582784805651738,562.3177917765821,281.15889588829106,31
1404-04,117,avg_deposits,41905998969410.88,31.36645010610261,748.8245614596735,374.41228072983677,4
1404-04,118,avg_deposits,7355598241709.874,29.6264828047722,334.72471483046263,167.36235741523132,109
1404-04,119,avg_deposits,12554455669730.623,30.16109675194163,461.95903317622987,230.97951658811493,60
1404-04,120,avg_deposits,1809797778244.3835,28.224236230238304,1.0,0.5,223
1404-04,121,avg_deposits,5570076057506.795,29.34842982462331,268.5500824989181,134.27504124945904,137
1404-04,122,avg_deposits,12284237757242.852,30.139338073354324,456.78062237565393,228.39031118782697,63
1404-04,123,avg_deposits,32424235126539.645,31.10992725684869,687.7739472028912,343.8869736014456,9
1404-04,124,avg_deposits,10542548055890.623,29.986440380858053,420.39205865709766,210.19602932854883,79
1404-04,125,avg_deposits,9569587711556.943,29.889611239123475,397.34741137500924,198.67370568750462,88
1404-04,126,avg_deposits,16747950185987.166,30.449296989755023,530.5486406853912,265.2743203426956,39
1404-04,127,avg_deposits,15434164622440.3,30.367604650127195,511.1064446827427,255.55322234137134,48
1404-04,128,avg_deposits,7580487493047.198,29.656598626581875,341.8920662990588,170.9460331495294,106
1404-04,129,avg_deposits,10221380988788.584,29.955502817680053,413.02913858538386,206.51456929269193,83
1404-04,130,avg_deposits,11827643689727.35,30.1014605931607,447.766051396712,223.883025698356,70
1404-04,132,avg_deposits,8079433597441.253,29.720342886678026,357.06274698318725,178.53137349159363,100
1404-04,133,avg_deposits,14072487343334.443,30.275242754894276,489.12497030613196,244.56248515306598,54
1404-04,134,avg_deposits,12619646174232.451,30.166275935741556,463.1916420968535,231.59582104842676,59
1404-04,135,avg_deposits,12785965151985.19,30.179369212787293,466.3077489411417,233.15387447057086,58
1404-04,136,avg_deposits,10428860545902.102,29.975598131217083,417.81168033044287,208.90584016522143,81
1404-04,140,avg_deposits,8887450299882.572,29.815661318905402,379.7478561436369,189.87392807181845,94
1404-04,141,avg_deposits,10471250055024.814,29.97965452766937,418.7770738452953,209.38853692264766,80
1404-04,142,avg_deposits,36103896087663.13,31.217421900309958,713.3569080647059,356.67845403235293,5
1404-04,143,avg_deposits,10717833933044.377,30.002930192670064,424.3165166265534,212.1582583132767,77
1404-04,145,avg_deposits,3631834044996.684,28.92075888316708,166.76743915304453,83.38371957652227,183
1404-04,146,avg_deposits,11544800804406.676,30.077256304745333,442.0056028452315,221.00280142261576,71
1404-04,147,avg_deposits,120399996537511.31,32.42184062004507,1000.0,500.0,1
1404-04,148,avg_deposits,6827922751298.048,29.55204160727874,317.0082391005071,158.50411955025356,116
1404-04,149,avg_deposits,9160799863364.8,29.845954612130445,386.95744454727657,193.47872227363828,93
1404-04,150,avg_deposits,16889009409550.877,30.45768419550503,532.5447360212463,266.27236801062315,38
1404-04,151,avg_deposits,11133338344715.688,30.040965177367244,433.36857255749175,216.68428627874587,74
1404-04,152,avg_deposits,24389379392932.586,30.82516888268847,620.0034787716928,310.0017393858464,16
1404-04,153,avg_deposits,11270313790551.002,30.05319328658748,436.2787756106139,218.13938780530694,73
1404-04,154,avg_deposits,6921923035875.851,29.56571474231029,320.26234802265594,160.13117401132797,114
1404-04,155,avg_deposits,20738862707968.48,30.663030481545082,581.415692096136,290.707846048068,22
1404-04,156,avg_deposits,17428766820122.648,30.48914322253435,540.0317607819895,270.01588039099477,37
1404-04,157,avg_deposits,12918921493604.984,30.189714135071622,468.7697668928907,234.38488344644534,57
1404-04,159,avg_deposits,7705356056424.579,29.67293679471996,345.7804341522993,172.89021707614964,101
1404-04,160,avg_deposits,5303832052162.917,29.299450703937463,256.8934000149804,128.4467000074902,145
1404-04,161,avg_deposits,13165261469531.115,30.208602769639118,473.26512762263235,236.63256381131617,56
1404-04,162,avg_deposits,20707834920214.94,30.66153324314852,581.05936000305,290.529680001525,24
1404-04,163,avg_deposits,18698790745052.19,30.559479971658213,556.7714069824203,278.38570349121017,33
1404-04,164,avg_deposits,15834132154658.115,30.39318898890159,517.1953354075773,258.59766770378866,45
1404-04,167,avg_deposits,24494813757771.234,30.82948252771491,621.0300956181677,310.51504780908385,15
1404-04,168,avg_deposits,24699621978596.785,30.837809054935153,623.0117498953606,311.5058749476803,14
1404-04,169,avg_deposits,9669780416715.465,29.90002671745407,399.82622116411966,199.91311058205983,86
1404-04,170,avg_deposits,32452267386550.934,31.110791429874975,687.979614238917,343.9898071194585,8
1404-04,171,avg_deposits,6794919578900.109,29.547196328126976,315.8550971120994,157.9275485560497,117
1404-04,172,avg_deposits,22155539679275.93,30.729108679537525,597.1418334053911,298.57091670269557,18
1404-04,173,avg_deposits,20725665702684.98,30.66239393719091,581.264199065644,290.632099532822,23
1404-04,174,avg_deposits,12375601243108.293,30.146748008504836,458.5441342571781,229.27206712858904,62
1404-04,175,avg_deposits,16076544420290.35,30.408382457349607,520.8112728733443,260.4056364366721,44
1404-04,176,avg_deposits,14309548643023.076,30.291948167631478,493.1007397628705,246.55036988143524,53
1404-04,177,avg_deposits,18161737080635.414,30.53033813874719,549.8358579466876,274.9179289733438,35
1404-04,178,avg_deposits,19508250442913.355,30.60185859165347,566.8572172312541,283.42860861562707,26
1404-04,179,avg_deposits,5357557552076.042,29.30952930657467,259.29203578423494,129.64601789211747,143
1404-04,180,avg_deposits,7678177136431.531,29.669403282888666,344.9394834595581,172.46974172977906,103
1404-04,181,avg_deposits,16533787045255.691,30.43642710286822,527.4856991106351,263.74284955531755,40
1404-04,184,avg_deposits,8754063173155.724,29.800539071161587,376.14886869909446,188.07443434954723,95
1404-04,187,avg_deposits,6441034702723.204,29.493710311263946,303.1258053818164,151.5629026909082,124
1404-04,188,avg_deposits,22833961445494.18,30.759270080712096,604.3200324387648,302.1600162193824,17
1404-04,190,avg_deposits,5831865459062.309,29.394358040935213,279.4806714336471,139.74033571682355,133
1404-04,201,avg_deposits,12199090926927.367,30.13238255070524,455.1252574386182,227.5626287193091,64
1404-04,202,avg_deposits,20797638402043.41,30.665860557826605,582.0892301294264,291.0446150647132,21
1404-04,205,avg_deposits,19487424872222.77,30.60079049512727,566.6030178521356,283.3015089260678,27
1404-04,206,avg_deposits,14885954522342.809,30.331439234799383,502.4993329691619,251.24966648458096,50
1404-04,207,avg_deposits,16401254204965.094,30.428378923747132,525.5702897019996,262.7851448509998,42
1404-04,209,avg_deposits,6113152094192.347,29.44146364711603,290.69147078598985,145.34573539299492,127
1404-04,210,avg_deposits,17890239425809.332,30.515276396579875,546.2512703991601,273.1256351995801,36
1404-04,211,avg_deposits,10873914181212.41,30.017387842512747,427.75733449588694,213.87866724794347,75
1404-04,212,avg_deposits,18861535164420.586,30.568145787722692,558.8338095922129,279.41690479610645,32
1404-04,213,avg_deposits,16483665367322.99,30.433391028745532,526.763135055783,263.3815675278915,41
1404-04,214,avg_deposits,33854426863013.99,31.153090885554786,698.0465839435288,349.0232919717644,6
1404-04,215,avg_deposits,21130191507571.24,30.68172401081749,585.8646191528364,292.9323095764182,20
1404-04,216,avg_deposits,10338129764888.871,29.96686009484744,415.73208980150434,207.86604490075217,82
1404-04,217,avg_deposits,15809865883953.24,30.3916552841256,516.8303245754627,258.41516228773133,46
1404-04,219,avg_deposits,11325151567440.377,30.05804717064662,437.4339655057973,218.71698275289864,72
1404-04,221,avg_deposits,19148267145933.062,30.583233338997903,562.4245395239182,281.2122697619591,30
1404-04,1001,avg_deposits,15671312825077.46,30.382852948307175,514.7354312348797,257.36771561743984,47
1404-04,1002,avg_deposits,3633708924058.219,28.921274984747136,166.89026765963973,83.44513382981987,182
1404-04,1003,avg_deposits,4380137888855.219,29.108101321295393,211.3536074314712,105.6768037157356,166
1404-04,1004,avg_deposits,2538178314902.8267,28.562467740792098,81.49669470133047,40.748347350665235,214
1404-04,1006,avg_deposits,4274141514746.248,29.083604382887387,205.5235102624702,102.7617551312351,170
1404-04,1008,avg_deposits,5482679244387.994,29.332615010619023,264.7862692084975,132.39313460424876,141
1404-04,1021,avg_deposits,5157432162761.656,29.271459928681253,250.2317945171261,125.11589725856305,148
1404-04,1031,avg_deposits,3108435047000.4976,28.76514051515086,129.73137400461889,64.86568700230944,198
1404-04,1041,avg_deposits,2636953498927.7734,28.600645389063356,90.5827035485679,45.29135177428395,211
1404-04,1101,avg_deposits,4942474762429.354,29.228887285742505,240.09980818723602,120.04990409361801,152
1404-04,1102,avg_deposits,6791754430085.247,29.54673040852516,315.7442115595342,157.8721057797671,119
1404-04,1121,avg_deposits,2858687405362.735,28.681383686237382,109.79784423040931,54.898922115204655,206
1404-04,1131,avg_deposits,4406942043295.937,29.114202150646086,212.80556144032025,106.40278072016012,164
1404-04,1141,avg_deposits,4717005901218.332,29.182195371283385,228.987464523328,114.493732261664,157
1404-04,1202,avg_deposits,4081672358106.664,29.037527912055022,194.55763780595436,97.27881890297718,175
1404-04,1301,avg_deposits,28064153116576.42,30.965514188081823,653.4046636066491,326.70233180332457,11
1404-04,1302,avg_deposits,7600554531213.644,29.65924232519255,342.5212477718242,171.2606238859121,105
1404-04,1303,avg_deposits,9369153245096.725,29.86844383937582,392.3097207343056,196.1548603671528,91
1404-04,1304,avg_deposits,7263173244929.355,29.61383793534952,331.7153258123045,165.85766290615226,111
1404-04,1308,avg_deposits,4646269209519.024,29.167085692963106,225.39146851221903,112.69573425610952,160
1404-04,1309,avg_deposits,5933612215095.148,29.41165428599819,283.5970547831291,141.79852739156456,130
1404-04,1310,avg_deposits,3265842070662.223,28.814538753723827,141.48780356578214,70.74390178289107,194
1404-04,1321,avg_deposits,2830333461737.613,28.671415651645212,107.42552286974005,53.712761434870025,207
1404-04,1331,avg_deposits,2521668655499.3667,28.555941963198542,79.94360603204257,39.97180301602128,215
1404-04,1351,avg_deposits,4395952308535.687,29.111705303579566,212.211329590956,106.105664795478,165
1404-04,1361,avg_deposits,3434486177087.004,28.864888445869,153.47067231233936,76.73533615616968,189
1404-04,1371,avg_deposits,3613507534812.9824,28.915700032851714,165.5634687461806,82.7817343730903,184
1404-04,1381,avg_deposits,5980885704078.82,29.419589783973866,285.48564688031473,142.74282344015737,129
1404-04,1391,avg_deposits,2644536036881.5337,28.60351675446587,91.26606809909003,45.63303404954502,210
1404-04,1401,avg_deposits,3263614472032.625,28.813856430868483,141.32541557749443,70.66270778874721,195
1404-04,1501,avg_deposits,4944584683576.58,29.229314090333048,240.2013846452242,120.1006923226121,151
1404-04,1502,avg_deposits,4735219740546.341,29.186049249208335,229.90466006857142,114.95233003428571,155
1404-04,1521,avg_deposits,3337426540638.838,28.836221129117508,146.64805474878708,73.32402737439354,193
1404-04,1531,avg_deposits,6474582885309.683,29.498905302182102,304.3621762841912,152.1810881420956,123
1404-04,1601,avg_deposits,9988564445262.965,29.932461999090517,407.54558758023404,203.77279379011702,84
1404-04,1602,avg_deposits,14406712585851.75,30.29871536569084,494.7112847865316,247.3556423932658,51
1404-04,1604,avg_deposits,8395528930524.505,29.758720409896224,366.1963246466948,183.0981623233474,99
1404-04,1621,avg_deposits,12137856166494.107,30.127350293419894,453.92761598382333,226.96380799191166,66
1404-04,1631,avg_deposits,9462475078742.889,29.878355101002402,394.6685305328178,197.3342652664089,89
1404-04,1701,avg_deposits,2878651728155.645,28.688343150514395,111.45414724686782,55.72707362343391,205
1404-04,1801,avg_deposits,8485375609739.129,29.769365281135272,368.7297283170437,184.36486415852184,96
1404-04,1802,avg_deposits,9387821238973.035,29.870434352297394,392.78344865718464,196.39172432859232,90
1404-04,1803,avg_deposits,5090252273575.387,29.258348507851476,247.11136958123788,123.55568479061894,149
1404-04,1804,avg_deposits,12413187421794.258,30.14978052517986,459.2658516647798,229.6329258323899,61
1404-04,1805,avg_deposits,6691686055211.825,29.53188698450568,312.2115821789592,156.1057910894796,120
1404-04,1807,avg_deposits,3190377158196.961,28.791160257146537,135.92388760042164,67.96194380021082,197
1404-04,1808,avg_deposits,6520829831127.27,29.506022758481297,306.0560802786129,153.02804013930646,122
1404-04,1821,avg_deposits,3850539082188.811,28.97923427577417,180.6841668361827,90.34208341809135,178
1404-04,1831,avg_deposits,8480203968723.698,29.768755618358743,368.5846329109039,184.29231645545195,97
1404-04,1841,avg_deposits,2507215645135.073,28.55019394861169,78.57561942849065,39.28780971424533,216
1404-04,1901,avg_deposits,12027966969022.584,30.118255634877432,451.7631519133209,225.88157595666044,68
1404-04,1902,avg_deposits,10697337464621.438,30.001015991349806,423.86095032221533,211.93047516110767,78
1404-04,1904,avg_deposits,2606983894252.2563,28.58921507297562,87.86236958870795,43.931184794353975,212
1404-04,1905,avg_deposits,5347486178935.989,29.30764769331562,258.8442252067644,129.4221126033822,144
1404-04,1906,avg_deposits,4352578075185.94,29.101789446437508,209.85142609243408,104.92571304621704,168
1404-04,1921,avg_deposits,4695852305624.944,29.177700746857948,227.9177758666468,113.9588879333234,158
1404-04,1931,avg_deposits,3214100174515.4297,28.79856855093377,137.68700884915515,68.84350442457757,196
1404-04,1951,avg_deposits,3685033231551.1465,28.93530065958947,170.22827855021248,85.11413927510624,180
1404-04,2001,avg_deposits,4719805863717.732,29.182788784112063,229.1286925574155,114.56434627870775,156
1404-04,2021,avg_deposits,3460152270012.5586,28.87233371270427,155.2425928836289,77.62129644181445,188
1404-04,2101,avg_deposits,2381277334163.845,28.49865815466991,66.31046688747051,33.155233443735256,219
1404-04,2121,avg_deposits,2201061962275.919,28.419961069951636,47.58112025717122,23.79056012858561,222
1404-04,2201,avg_deposits,3521921401987.9253,28.890027809452846,159.4536621055769,79.72683105278846,186
1404-04,2301,avg_deposits,16219976103679.518,30.417264691352123,522.9251814136683,261.46259070683413,43
1404-04,2302,avg_deposits,4448313872558.965,29.12354623526134,215.02938714273915,107.51469357136958,163
1404-04,2303,avg_deposits,10806416329609.385,30.01116117824201,426.2754326707477,213.13771633537385,76
1404-04,2304,avg_deposits,20253534523709.49,30.639350438630764,575.7800102465436,287.8900051232718,25
1404-04,2305,avg_deposits,9581146189795.486,29.8908183447834,397.63469393960594,198.81734696980297,87
1404-04,2306,avg_deposits,6176699110354.352,29.451805120164853,293.1526678442121,146.57633392210604,126
1404-04,2307,avg_deposits,7422990094633.608,29.635603069647683,336.8952730261645,168.44763651308224,108
1404-04,2308,avg_deposits,8433004413220.812,29.763174219848533,367.25629974896066,183.62814987448033,98
1404-04,2309,avg_deposits,7651434405738.84,29.66591425020859,344.1091184885618,172.0545592442809,104
1404-04,2310,avg_deposits,4559795212769.287,29.148298828966183,220.9203284546898,110.4601642273449,161
1404-04,2314,avg_deposits,9877675672966.752,29.92129834423885,404.88871709860933,202.44435854930467,85
1404-04,2315,avg_deposits,7526651261036.9795,29.64947133917357,340.19582257056743,170.09791128528371,107
1404-04,2331,avg_deposits,5436777371998.505,29.32420760640821,262.7853667825807,131.39268339129035,142
1404-04,2341,avg_deposits,4258168087317.492,29.07986015727088,204.63241118701313,102.31620559350657,171
1404-04,2351,avg_deposits,4649095322754.354,29.16769376235352,225.53618470379197,112.76809235189599,159
1404-04,2361,avg_deposits,7145550489195.216,29.597510969716396,327.82962407559546,163.91481203779773,113
1404-04,2371,avg_deposits,2975285626457.7915,28.721361159211295,119.31219856020775,59.656099280103874,202
1404-04,2401,avg_deposits,4065208933462.149,29.0334862557534,193.5957523421582,96.7978761710791,176
1404-04,2402,avg_deposits,6886936730002.051,29.56064750557553,319.05638170760295,159.52819085380148,115
1404-04,2404,avg_deposits,4204274695349.0327,29.067122908233436,201.6010364773562,100.8005182386781,172
1404-04,2421,avg_deposits,3656655082444.935,28.927569933569707,168.38842072261528,84.19421036130764,181
1404-04,2501,avg_deposits,6794334085609.199,29.547110158083242,315.8345892543558,157.9172946271779,118
1404-04,2502,avg_deposits,9167013728053.596,29.846632692458567,387.11882284424956,193.55941142212478,92
1404-04,2601,avg_deposits,3759222053090.139,28.955233151149802,174.9720698224741,87.48603491123706,179
1404-04,2621,avg_deposits,2254602889909.3657,28.443994971340093,53.3010179076912,26.6505089538456,221
1404-04,2631,avg_deposits,3524911336894.1973,28.890876399222602,159.65562043734465,79.82781021867233,185
1404-04,2641,avg_deposits,2605376601497.1284,28.588598349398122,87.71559376213982,43.85779688106991,213
1404-04,2701,avg_deposits,3938763554474.8086,29.00188797132605,186.07558531079684,93.03779265539842,177
1404-04,2702,avg_deposits,5533544155346.688,29.341849622261176,266.98404112166617,133.49202056083308,139
1404-04,2703,avg_deposits,2999517560213.515,28.72947257840299,121.2426586560143,60.62132932800715,199
1404-04,2704,avg_deposits,3490477502683.0405,28.881059663037153,157.31930702175015,78.65965351087507,187
1404-04,2721,avg_deposits,12084718280558.133,30.122962818315308,452.88342810367783,226.44171405183891,67
1404-04,2731,avg_deposits,4557804193628.232,29.1478620869941,220.81638697054905,110.40819348527452,162
1404-04,2741,avg_deposits,2943081412253.242,28.71047824781264,116.72214302432747,58.36107151216373,203
1404-04,2801,avg_deposits,5486986746960.983,29.33340035865018,264.9731764561248,132.4865882280624,140
1404-04,2802,avg_deposits,2723790985673.683,28.633045770609122,98.29376399123882,49.14688199561941,208
1404-04,2901,avg_deposits,2263059471909.4023,28.44773876235412,54.192013550847996,27.096006775423998,220
1404-04,3001,avg_deposits,5617381932299.776,29.356886822948038,270.56278797133467,135.28139398566734,135
1404-04,3021,avg_deposits,2988613699719.176,28.72583075023576,120.37592944544443,60.187964722722214,200
1404-04,3031,avg_deposits,3427451893889.572,28.862838212949757,152.9827314546215,76.49136572731075,191
1404-04,3101,avg_deposits,5548738066585.411,29.34459164244335,267.63662242938665,133.81831121469332,138
1404-04,3102,avg_deposits,12185229815516.2,30.13124566335451,454.85468633236064,227.42734316618032,65
1404-04,3105,avg_deposits,6643031695428.785,29.524589555852685,310.47484604392855,155.23742302196428,121
1404-04,3141,avg_deposits,4179306940852.985,29.061166545094824,200.1834643998343,100.09173219991715,173
1404-04,3201,avg_deposits,2978514715004.3228,28.72244587441098,119.57035306545761,59.785176532728805,201
1404-04,3221,avg_deposits,3430794443980.1035,28.8638129666085,153.2147158949484,76.6073579474742,190
1404-04,3301,avg_deposits,5840844613761.177,29.39589652795561,279.84682040592975,139.92341020296487,132
1404-04,3302,avg_deposits,5223943220320.365,29.284273638839277,253.28136642984646,126.64068321492323,147
1404-04,3321,avg_deposits,7211057319953.141,29.606636702792073,330.0014836640645,165.00074183203225,112
1404-04,3325,avg_deposits,3427149360453.6187,28.862749941312963,152.96172343267162,76.48086171633581,192
1404-04,3331,avg_deposits,18418927850817.0,30.544399939351486,553.1824665117549,276.59123325587746,34
1404-04,3341,avg_deposits,5879396511082.194,29.402475238402314,281.4125067179167,140.70625335895835,131
1404-04,3351,avg_deposits,5227802414948.019,29.28501211735525,253.45711906609995,126.72855953304997,146
1404-04,3361,avg_deposits,4294445047795.483,29.0883434541217,206.65137552165803,103.32568776082901,169
1404-04,3371,avg_deposits,6024941989264.176,29.426928966921185,287.2323202405238,143.6161601202619,128
1404-04,3401,avg_deposits,4357912019902.699,29.10301416406539,210.14290018018383,105.07145009009191,167
1404-04,3402,avg_deposits,2884043263990.619,28.690214336622788,111.89947623661806,55.94973811830903,204
1404-04,3421,avg_deposits,6422464594070.531,29.490823053119854,302.438658471795,151.2193292358975,125
1404-04,3501,avg_deposits,5684362618728.46,29.368740120527068,273.38378851874364,136.69189425937182,134
1404-04,3521,avg_deposits,2444027854789.1367,28.52466855438659,72.50075708729524,36.25037854364762,218
1404-04,3601,avg_deposits,7695920147925.183,29.671711453448907,345.4888116419089,172.74440582095446,102
1404-04,3701,avg_deposits,5604673443869.485,29.354621909180107,270.02375459799975,135.01187729899988,136
1404-04,3702,avg_deposits,4945755490062.903,29.229550847910893,240.25773126541586,120.12886563270793,150
1404-04,3731,avg_deposits,4145637154281.0703,29.05307760905539,198.25835513441166,99.12917756720583,174
1404-04,3801,avg_deposits,2478846090878.0166,28.53881428189047,75.86733965774728,37.93366982887364,217
1404-04,3901,avg_deposits,4912154441006.147,29.22273374785223,238.635309920722,119.317654960361,153
1404-04,4001,avg_deposits,4881780550210.921,29.216531136092588,237.1591324222109,118.57956621110544,154
1404-04,4021,avg_deposits,2655996332091.2505,28.60784096655242,92.29519983074036,46.14759991537018,209
1404-04,101,deposit_count,33733.416666666664,10.426273861276234,623.0885331886246,3.115442665943123,70
1404-04,102,deposit_count,69538.91666666667,11.149656207210066,891.6298307899273,4.458149153949637,7
1404-04,103,deposit_count,27736.666666666668,10.230546575935431,550.4286742954033,2.7521433714770165,110
1404-04,104,deposit_count,30743.166666666668,10.333455553341965,588.6315838395926,2.9431579191979633,91
1404-04,105,deposit_count,32499.83333333333,10.389021009014744,609.2591532737251,3.0462957663686256,77
1404-04,106,deposit_count,25155.58333333333,10.132874904030786,514.1700101745603,2.5708500508728016,132
1404-04,107,deposit_count,47342.66666666666,10.765188333948313,748.9037853561777,3.7445189267808883,29
1404-04,108,deposit_count,27552.166666666668,10.22387275050441,547.9511494411062,2.739755747205531,113
1404-04,109,deposit_count,19854.08333333333,9.896215340652153,426.3148577828972,2.131574288914486,168
1404-04,110,deposit_count,19755.0,9.891212521660515,424.4576608092212,2.122288304046106,171
1404-04,111,deposit_count,68620.0,11.13635388931704,886.6916100437642,4.433458050218821,8
1404-04,112,deposit_count,30793.83333333333,10.335102205972493,589.2428708534192,2.946214354267096,89
1404-04,114,deposit_count,30872.58333333333,10.337656188936958,590.1909861940603,2.9509549309703016,87
1404-04,115,deposit_count,43495.833333333336,10.680443417492084,717.4439218991956,3.5872196094959783,42
1404-04,116,deposit_count,49551.16666666666,10.810781265677353,765.8292537710287,3.8291462688551436,26
1404-04,117,deposit_count,34630.75,10.452526170338542,632.8341803975316,3.164170901987658,67
1404-04,118,deposit_count,23251.166666666668,10.054153596637745,484.94629168733616,2.424731458436681,144
1404-04,119,deposit_count,39665.25,10.588255979168707,683.2211703362703,3.4161058516813516,51
1404-04,120,deposit_count,14976.0,9.614270969992395,321.648622044709,1.608243110223545,194
1404-04,121,deposit_count,20291.08333333333,9.917986105386868,434.39682086161423,2.171984104308071,163
1404-04,122,deposit_count,28259.166666666668,10.249208553838491,557.3565621406963,2.7867828107034813,107
1404-04,123,deposit_count,19791.5,9.89305835704559,425.142890456105,2.1257144522805254,170
1404-04,124,deposit_count,23119.0,10.048453322786314,482.8301784792234,2.414150892396117,145
1404-04,125,deposit_count,38953.0,10.570136741789845,676.494764107785,3.3824738205389253,54
1404-04,126,deposit_count,29605.5,10.295749210799382,574.6338546841861,2.8731692734209306,98
1404-04,127,deposit_count,25831.666666666668,10.159395119888723,524.0151124488818,2.620075562244409,128
1404-04,128,deposit_count,35212.333333333336,10.469180077742958,639.0166120391838,3.195083060195919,64
1404-04,129,deposit_count,41160.66666666666,10.625262681515622,696.9591719947939,3.4847958599739695,49
1404-04,130,deposit_count,31896.08333333333,10.370269853035868,602.2981598428012,3.011490799214006,79
1404-04,132,deposit_count,24399.166666666668,10.102345241859057,502.83648076095295,2.5141824038047647,135
1404-04,133,deposit_count,23772.83333333333,10.07634081505639,493.18285490704676,2.465914274535234,140
1404-04,134,deposit_count,30843.75,10.336721836569557,589.8441264751732,2.949220632375866,88
1404-04,135,deposit_count,20080.58333333333,9.907558421958688,430.525750943307,2.152628754716535,166
1404-04,136,deposit_count,20434.416666666668,9.925024785644515,437.0097908081633,2.1850489540408167,161
1404-04,140,deposit_count,18042.666666666668,9.80055002499624,390.801013484536,1.9540050674226799,180
1404-04,141,deposit_count,55632.41666666666,10.92653931888363,808.8021269556584,4.044010634778292,18
1404-04,142,deposit_count,48033.16666666666,10.779667842232161,754.2790146039331,3.7713950730196655,28
1404-04,143,deposit_count,28423.0,10.254989137700862,559.5024888418662,2.7975124442093313,105
1404-04,145,deposit_count,26992.166666666668,10.203339026534941,540.3284131242142,2.701642065621071,116
1404-04,146,deposit_count,21082.166666666668,9.956230212752072,448.59418450365524,2.242970922518276,159
1404-04,147,deposit_count,79756.83333333333,11.286750239438932,942.5232615116965,4.712616307558483,3
1404-04,148,deposit_count,12765.166666666666,9.454553721242817,262.35677248601803,1.3117838624300902,208
1404-04,149,deposit_count,14149.75,9.557522905200315,300.58203251389136,1.5029101625694568,203
1404-04,150,deposit_count,21899.166666666668,9.99424952612571,462.7080978506659,2.3135404892533296,153
1404-04,151,deposit_count,18297.666666666668,9.814583476430121,396.0106530051335,1.9800532650256677,178
1404-04,152,deposit_count,55269.16666666666,10.91998856032243,806.370288227238,4.03185144113619,19
1404-04,153,deposit_count,32810.833333333336,10.39854450166726,612.794560363736,3.06397280181868,75
1404-04,154,deposit_count,34233.333333333336,10.440984318116932,628.5494974912706,3.142747487456353,69
1404-04,155,deposit_count,23881.666666666668,10.080908230730373,494.87841706538546,2.4743920853269272,138
1404-04,156,deposit_count,18510.416666666668,9.826142937845068,400.3018729739245,2.0015093648696225,176
1404-04,157,deposit_count,37793.0,10.539905638849984,665.272068866434,3.32636034433217,59
1404-04,159,deposit_count,28802.58333333333,10.268255079680646,564.4272057542701,2.82213602877135,102
1404-04,160,deposit_count,17608.416666666668,9.776189075823298,381.757495988604,1.90878747994302,183
1404-04,161,deposit_count,26229.916666666668,10.174694019511684,529.6945244219764,2.648472622109882,127
1404-04,162,deposit_count,19839.25,9.895467981565925,426.03741559769884,2.130187077988494,169
1404-04,163,deposit_count,11224.833333333334,9.325972948904614,214.62372004926803,1.0731186002463402,215
1404-04,164,deposit_count,23433.33333333333,10.061957462473327,487.84332154930803,2.4392166077465403,142
1404-04,167,deposit_count,30558.666666666668,10.327436335716607,586.3970691037215,2.9319853455186076,93
1404-04,168,deposit_count,20123.166666666668,9.90967669356194,431.31211711357173,2.156560585567859,164
1404-04,169,deposit_count,33189.583333333336,10.410021480134544,617.0551601799617,3.0852758008998085,72
1404-04,170,deposit_count,21791.416666666668,9.989317328932874,460.8771178141267,2.3043855890706335,155
1404-04,171,deposit_count,15104.25,9.6227976444948,324.8139802373306,1.624069901186653,193
1404-04,172,deposit_count,45055.083333333336,10.715663289066192,730.518598198702,3.6525929909935098,38
1404-04,173,deposit_count,26538.75,10.186398888098049,534.039723908947,2.670198619544735,121
1404-04,174,deposit_count,27681.75,10.228564754507733,549.6929625368849,2.7484648126844244,111
1404-04,175,deposit_count,28399.5,10.254162029628123,559.1954414327631,2.7959772071638156,106
1404-04,176,deposit_count,22230.83333333333,10.009280474692787,468.28803832760764,2.3414401916380383,150
1404-04,177,deposit_count,30036.5,10.310201880044724,579.999120473105,2.899995602365525,95
1404-04,178,deposit_count,11480.833333333334,9.348521355148737,222.99436706004266,1.1149718353002134,212
1404-04,179,deposit_count,25074.0,10.129626612830137,512.9641467208663,2.5648207336043316,133
1404-04,180,deposit_count,37425.75,10.530140968381646,661.6471293127443,3.3082356465637215,61
1404-04,181,deposit_count,11668.333333333334,9.364719597113544,229.00764197688298,1.145038209884415,211
1404-04,184,deposit_count,26443.83333333333,10.182816081091614,532.7096781206151,2.6635483906030752,123
1404-04,187,deposit_count,14846.25,9.605569941896768,318.418538550967,1.5920926927548351,196
1404-04,188,deposit_count,19888.5,9.897947233271614,426.95778844598334,2.1347889422299167,167
1404-04,190,deposit_count,23251.166666666668,10.054153596637745,484.94629168733616,2.424731458436681,143
1404-04,201,deposit_count,26323.75,10.178264840280919,531.0201205583244,2.655100602791622,124
1404-04,202,deposit_count,14786.25,9.601520601972979,316.9153017030187,1.5845765085150936,197
1404-04,205,deposit_count,22833.916666666668,10.036046076243782,478.22423515627764,2.391121175781388,147
1404-04,206,deposit_count,26851.916666666668,10.19812972221865,538.3945625836806,2.691972812918403,117
1404-04,207,deposit_count,14847.833333333334,9.605676577732682,318.45812498255225,1.5922906249127613,195
1404-04,209,deposit_count,30240.0,10.316953898529778,582.505672942344,2.91252836471172,94
1404-04,210,deposit_count,17702.75,9.781531760528607,383.74086134373437,1.9187043067186718,182
1404-04,211,deposit_count,16734.583333333332,9.72529247012388,362.86314417748906,1.8143157208874454,187
1404-04,212,deposit_count,10968.833333333334,9.30290436020339,206.05996565509614,1.0302998282754807,217
1404-04,213,deposit_count,16867.0,9.73317361486645,365.78886229550744,1.8289443114775372,186
1404-04,214,deposit_count,44708.0,10.707930102616903,727.6478066520764,3.638239033260382,39
1404-04,215,deposit_count,10337.833333333334,9.24366231126461,184.06753415050508,0.9203376707525255,218
1404-04,216,deposit_count,12768.416666666666,9.454808268004106,262.451267904604,1.31225633952302,207
1404-04,217,deposit_count,9555.333333333334,9.164959389935841,154.8506411236828,0.774253205618414,219
1404-04,219,deposit_count,8147.5,9.005589140216044,95.6876080480694,0.478438040240347,222
1404-04,221,deposit_count,11355.083333333334,9.337508855830585,218.90619588285918,1.094530979414296,213
1404-04,1001,deposit_count,58001.16666666666,10.968235645152665,824.281058152188,4.12140529076094,15
1404-04,1002,deposit_count,25631.5,10.151616356544245,521.1274013870881,2.6056370069354404,129
1404-04,1003,deposit_count,21431.83333333333,9.972679293136196,454.70057819093614,2.273502890954681,156
1404-04,1004,deposit_count,21243.5,9.963853317322561,451.42411034386504,2.2571205517193254,158
1404-04,1006,deposit_count,20711.83333333333,9.938508754946701,442.0154460243557,2.2100772301217786,160
1404-04,1008,deposit_count,19293.75,9.86758831716324,415.6876451098371,2.0784382255491853,173
1404-04,1021,deposit_count,33127.916666666664,10.408161795292555,616.3647891978603,3.0818239459893015,74
1404-04,1031,deposit_count,28796.0,10.268026494031647,564.342347881887,2.821711739409435,103
1404-04,1041,deposit_count,27251.58333333333,10.21290359682128,543.8790694681652,2.719395347340826,115
1404-04,1101,deposit_count,46495.75,10.747137696659737,742.2028455457829,3.7110142277289144,33
1404-04,1102,deposit_count,32653.08333333333,10.393725190692816,611.0054870888682,3.055027435444341,76
1404-04,1121,deposit_count,28458.33333333333,10.256231446679857,559.9636713231864,2.799818356615932,104
1404-04,1131,deposit_count,30748.33333333333,10.333623592782843,588.6939651373325,2.9434698256866625,90
1404-04,1141,deposit_count,35339.166666666664,10.47277546195387,640.3513268643387,3.2017566343216934,63
1404-04,1202,deposit_count,43503.16666666666,10.680611997930257,717.5065040314131,3.5875325201570654,41
1404-04,1301,deposit_count,66812.58333333333,11.109661682166662,876.7826594254686,4.383913297127343,10
1404-04,1302,deposit_count,38781.66666666666,10.56572869040019,674.8583627679888,3.374291813839944,56
1404-04,1303,deposit_count,40022.0,10.597209567846916,686.5450119192863,3.4327250595964314,50
1404-04,1304,deposit_count,31447.416666666668,10.356103916399153,597.03933782766,2.9851966891383,83
1404-04,1308,deposit_count,11952.25,9.388758486910662,237.93160133986618,1.189658006699331,210
1404-04,1309,deposit_count,9097.0,9.115809888129949,136.6048668583826,0.683024334291913,221
1404-04,1310,deposit_count,16224.583333333334,9.694344493673823,351.37432391425125,1.7568716195712564,188
1404-04,1321,deposit_count,27418.916666666668,10.21902491396751,546.1514866189542,2.7307574330947713,114
1404-04,1331,deposit_count,13714.583333333334,9.52628793497421,288.9866715236695,1.4449333576183474,204
1404-04,1351,deposit_count,30567.5,10.327725345967576,586.5043584068837,2.932521792034419,92
1404-04,1361,deposit_count,16886.583333333332,9.734333916872613,366.2196013204447,1.8310980066022235,185
1404-04,1371,deposit_count,30935.08333333333,10.339678527016803,590.9417389532379,2.954708694766189,86
1404-04,1381,deposit_count,34907.0,10.460471308283202,635.7836547180942,3.178918273590471,65
1404-04,1391,deposit_count,14195.25,9.560733124205855,301.7737624229469,1.5088688121147344,201
1404-04,1401,deposit_count,25339.0,10.14013945387513,516.8668297094239,2.5843341485471196,131
1404-04,1501,deposit_count,26272.75,10.17632562087419,530.3002239521327,2.6515011197606633,125
1404-04,1502,deposit_count,9490.416666666666,9.158143160406633,152.32025158236897,0.7616012579118449,220
1404-04,1521,deposit_count,20115.166666666668,9.90927908253625,431.1645119344025,2.155822559672013,165
1404-04,1531,deposit_count,19481.416666666668,9.877267628365654,419.2808967350588,2.0964044836752938,172
1404-04,1601,deposit_count,61571.41666666666,11.027969267852306,846.4559766311295,4.232279883155647,12
1404-04,1602,deposit_count,84172.08333333333,11.340630473747265,962.525226057214,4.81262613028607,2
1404-04,1604,deposit_count,46804.833333333336,10.75376311801298,744.6624013496485,3.7233120067482424,32
1404-04,1621,deposit_count,76039.5,11.239021372067333,924.8048695035756,4.624024347517878,4
1404-04,1631,deposit_count,56982.16666666666,10.950511181563238,817.7012038353848,4.088506019176924,16
1404-04,1701,deposit_count,26696.08333333333,10.192309599969452,536.2339580433797,2.6811697902168987,119
1404-04,1801,deposit_count,45248.25,10.719941374405076,732.1067522290161,3.6605337611450808,36
1404-04,1802,deposit_count,75160.58333333333,11.227395519475461,920.4890031318129,4.602445015659065,5
1404-04,1803,deposit_count,53684.333333333336,10.890895120907977,795.5699279254444,3.9778496396272223,22
1404-04,1804,deposit_count,42021.25,10.645954518895968,704.6406047683571,3.5232030238417855,45
1404-04,1805,deposit_count,27663.916666666668,10.22792034309802,549.4537376275046,2.747268688137523,112
1404-04,1807,deposit_count,26248.33333333333,10.175395870871869,529.9550727696751,2.6497753638483754,126
1404-04,1808,deposit_count,45187.41666666666,10.718596064541376,731.6073327193966,3.658036663596983,37
1404-04,1821,deposit_count,34649.333333333336,10.453062624581397,633.033328357514,3.1651666417875703,66
1404-04,1831,deposit_count,39114.0,10.574261304119181,678.0259257765531,3.3901296288827654,53
1404-04,1841,deposit_count,29393.166666666668,10.288551520941956,571.9618555886736,2.859809277943368,99
1404-04,1901,deposit_count,93112.83333333331,11.441578037977479,1000.0,5.0,1
1404-04,1902,deposit_count,45314.5,10.721404416302002,732.6498774126125,3.6632493870630625,35
1404-04,1904,deposit_count,6313.0,8.750524669117937,1.0,0.005,223
1404-04,1905,deposit_count,22179.0,10.006946260904359,467.4215079192464,2.3371075395962317,151
1404-04,1906,deposit_count,15183.75,9.628046913728912,326.76266695813746,1.6338133347906874,192
1404-04,1921,deposit_count,24867.666666666668,10.121363923243932,509.89678767398226,2.5494839383699115,134
1404-04,1931,deposit_count,28000.916666666668,10.240028239195537,553.9485530560612,2.769742765280306,108
1404-04,1951,deposit_count,31742.666666666668,10.365448509357424,600.5083319670329,3.002541659835164,80
1404-04,2001,deposit_count,41757.5,10.639658302371169,702.3032597045022,3.5115162985225115,47
1404-04,2021,deposit_count,22469.83333333333,10.019973450977373,472.2575929384211,2.3612879646921057,149
1404-04,2101,deposit_count,22117.416666666668,10.004165873809736,466.3893445516707,2.3319467227583535,152
1404-04,2121,deposit_count,15926.666666666666,9.675812918017934,344.4948453076718,1.7224742265383592,189
1404-04,2201,deposit_count,26685.25,10.191903730466533,536.0832870689176,2.680416435344588,120
1404-04,2301,deposit_count,53159.91666666666,10.881078756220024,791.9257979216528,3.959628989608264,23
1404-04,2302,deposit_count,26840.666666666668,10.19771068553129,538.2390035540758,2.691195017770379,118
1404-04,2303,deposit_count,27900.58333333333,10.236438716497906,552.616014201043,2.763080071005215,109
1404-04,2304,deposit_count,71616.33333333333,11.179092409311812,902.5574349169707,4.512787174584854,6
1404-04,2305,deposit_count,44058.583333333336,10.693298163510287,722.2159904953777,3.6110799524768886,40
1404-04,2306,deposit_count,42726.5,10.66259802002266,710.8191732865326,3.554095866432663,44
1404-04,2307,deposit_count,42002.25,10.645502275224136,704.4727183067253,3.5223635915336264,46
1404-04,2308,deposit_count,22835.166666666668,10.03610081547522,478.2445560064097,2.3912227800320487,146
1404-04,2309,deposit_count,21855.83333333333,9.992268889998945,461.9728261115265,2.3098641305576324,154
1404-04,2310,deposit_count,17816.666666666668,9.78794575343171,386.1219285437938,1.930609642718969,181
1404-04,2314,deposit_count,12721.25,9.451107708043942,261.077508675975,1.3053875433798752,209
1404-04,2315,deposit_count,13634.583333333334,9.520438076420547,286.8150279722128,1.434075139861064,205
1404-04,2331,deposit_count,37539.16666666666,10.533166749839399,662.7703904532605,3.3138519522663024,60
1404-04,2341,deposit_count,30963.83333333333,10.340607430936663,591.2865760444225,2.956432880222113,85
1404-04,2351,deposit_count,45595.25,10.727580755278737,734.9427203228119,3.674713601614059,34
1404-04,2361,deposit_count,67039.5,11.113052193362043,878.0413192214357,4.390206596107179,9
1404-04,2371,deposit_count,18101.5,9.803805329262977,392.0094803994262,1.960047401997131,179
1404-04,2401,deposit_count,38030.16666666666,10.546161277987038,667.594350382748,3.3379717519137397,58
1404-04,2402,deposit_count,32111.08333333333,10.376987666116625,604.792014236525,3.023960071182625,78
1404-04,2404,deposit_count,14294.916666666666,9.56772922768592,304.37092658827385,1.5218546329413694,200
1404-04,2421,deposit_count,29750.33333333333,10.300629227896653,576.4454638988484,2.882227319494242,97
1404-04,2501,deposit_count,34480.916666666664,10.448190311013041,631.2245789246292,3.156122894623146,68
1404-04,2502,deposit_count,12930.916666666666,9.467453694861266,267.1456309285736,1.335728154642868,206
1404-04,2601,deposit_count,54313.833333333336,10.90255264234309,799.8975507249186,3.9994877536245927,21
1404-04,2621,deposit_count,22618.0,10.026545540027982,474.6973501864689,2.3734867509323445,148
1404-04,2631,deposit_count,36523.91666666666,10.505749955073975,652.5924511051954,3.262962255525977,62
1404-04,2641,deposit_count,24150.33333333333,10.092094868046669,499.0312335083072,2.495156167541536,136
1404-04,2701,deposit_count,41264.91666666666,10.627792175924405,697.8981964465629,3.4894909822328146,48
1404-04,2702,deposit_count,29173.33333333333,10.281044606279567,569.1750629391821,2.8458753146959106,101
1404-04,2703,deposit_count,18510.416666666668,9.826142937845068,400.3018729739245,2.0015093648696225,177
1404-04,2704,deposit_count,14150.333333333334,9.55756412713628,300.5973353371296,1.5029866766856481,202
1404-04,2721,deposit_count,42726.75,10.66260387103825,710.8213453596109,3.554106726798054,43
1404-04,2731,deposit_count,33717.0,10.425787098375746,622.907832150431,3.114539160752155,71
1404-04,2741,deposit_count,23457.83333333333,10.063002390933944,488.2312304418764,2.441156152209382,141
1404-04,2801,deposit_count,58934.91666666666,10.984205974398481,830.2097250085169,4.151048625042584,14
1404-04,2802,deposit_count,11282.583333333334,9.331104145999975,216.52857483869124,1.0826428741934562,214
1404-04,2901,deposit_count,31604.25,10.361078525015914,598.8860622611671,2.9944303113058357,81
1404-04,3001,deposit_count,49861.16666666666,10.817017811140762,768.1444471410457,3.8407222357052286,25
1404-04,3021,deposit_count,23800.33333333333,10.077496880499332,493.61202119221343,2.4680601059610674,139
1404-04,3031,deposit_count,18666.416666666668,9.834534858813468,403.41720659920463,2.017086032996023,175
1404-04,3101,deposit_count,47311.75,10.764535094181696,748.6612830950178,3.743306415475089,30
1404-04,3102,deposit_count,30013.58333333333,10.309438653641672,579.7157878623616,2.898578939311808,96
1404-04,3105,deposit_count,15690.166666666666,9.66085320030284,338.9413478667377,1.6947067393336885,190
1404-04,3141,deposit_count,25409.916666666668,10.142934150699597,517.9043052793809,2.5895215263969042,130
1404-04,3201,deposit_count,33129.75,10.408217133130067,616.3853322685829,3.081926661342915,73
1404-04,3221,deposit_count,29368.166666666668,10.287700650166247,571.6459867490698,2.858229933745349,100
1404-04,3301,deposit_count,60901.66666666666,11.017032240369332,842.3958228705515,4.211979114352757,13
1404-04,3302,deposit_count,18883.166666666668,9.84607910744097,407.70277912345426,2.0385138956172715,174
1404-04,3321,deposit_count,49118.583333333336,10.802013080157467,762.5742394202439,3.8128711971012197,27
1404-04,3325,deposit_count,14736.5,9.598150544845627,315.664235072686,1.5783211753634299,198
1404-04,3331,deposit_count,63203.583333333336,11.054132098602468,856.1684067976438,4.280842033988219,11
1404-04,3341,deposit_count,31192.166666666668,10.34795433271581,594.0139670959343,2.9700698354796713,84
1404-04,3351,deposit_count,31478.08333333333,10.357078583090008,597.4011634367065,2.9870058171835328,82
1404-04,3361,deposit_count,20420.5,9.924343546415505,436.7568943038961,2.1837844715194805,162
1404-04,3371,deposit_count,21365.666666666668,9.969587354240652,453.552757418449,2.267763787092245,157
1404-04,3401,deposit_count,56155.91666666666,10.935905134533417,812.2789995968362,4.0613949979841815,17
1404-04,3402,deposit_count,11076.833333333334,9.31270139364627,209.69691931892643,1.0484845965946321,216
1404-04,3421,deposit_count,38850.25,10.567495530310364,675.5142669171552,3.377571334585776,55
1404-04,3501,deposit_count,38700.833333333336,10.56364225085016,674.0838136138915,3.3704190680694577,57
1404-04,3521,deposit_count,14652.0,9.592400371638025,313.5295977218003,1.5676479886090016,199
1404-04,3601,deposit_count,55036.66666666666,10.915773078297747,804.8053744312534,4.024026872156267,20
1404-04,3701,deposit_count,47166.5,10.761460375085768,747.5198548303924,3.7375992741519624,31
1404-04,3702,deposit_count,17053.166666666668,9.74414983213255,369.86356448303064,1.8493178224151532,184
1404-04,3731,deposit_count,15505.583333333334,9.649019943917377,334.5484869648048,1.672742434824024,191
1404-04,3801,deposit_count,26447.0,10.182935820060806,532.7541288296223,2.6637706441481117,122
1404-04,3901,deposit_count,51900.333333333336,10.857099759254302,783.0240725802084,3.9151203629010425,24
1404-04,4001,deposit_count,23980.25,10.085027553995262,496.407633835757,2.482038169178785,137
1404-04,4021,deposit_count,39384.583333333336,10.58115512308102,680.5851188503773,3.4029255942518866,52
1404-04,101,avg_loans,84358392366298.17,32.0660954145332,825.2133183990928,214.55546278376414,7
1404-04,102,avg_loans,133142645528727.42,32.52244219218106,884.471621326176,229.96262154480576,4
1404-04,103,avg_loans,23567689573230.586,30.79089780402574,659.6242313350126,171.50230014710328,29
1404-04,104,avg_loans,10118968998516.084,29.945432896981103,549.8375120464419,142.9577531320749,52
1404-04,105,avg_loans,51372721432195.0,31.570128436076633,760.8101870727477,197.81064863891442,13
1404-04,106,avg_loans,26710227676213.168,30.91606766702061,675.8779971595959,175.72827926149495,22
1404-04,107,avg_loans,3742740586206.25,28.950839236065725,420.68587707344403,109.37832803909545,85
1404-04,108,avg_loans,10681752675233.0,29.999558044164303,556.8658609356061,144.7851238432576,51
1404-04,109,avg_loans,7049320379042.083,29.583952327970202,502.89793427378646,130.75346291118447,62
1404-04,110,avg_loans,19697632340527.586,30.611519558689633,636.3313082306928,165.44614013998014,34
1404-04,111,avg_loans,31354802747477.414,31.076388568960624,696.69625432287,181.1410261239462,20
1404-04,112,avg_loans,23370003814435.33,30.782474427698656,658.5304250225588,171.2179105058653,30
1404-04,114,avg_loans,18352386889680.92,30.540780757702,627.1456154572501,163.05786001888504,36
1404-04,115,avg_loans,5484728844323.167,29.332988772576716,470.3093960883787,122.28044298297847,70
1404-04,116,avg_loans,16750177181773.25,30.44942995216005,615.2833782889729,159.97367835513296,41
1404-04,117,avg_loans,50522361047015.0,31.553437147216183,758.6427619916852,197.24711811783817,14
1404-04,118,avg_loans,6293823257280.417,29.470589833032758,488.17739850009747,126.92612361002534,67
1404-04,119,avg_loans,35222717539552.84,31.192712375007908,711.8013272060631,185.0683450735764,19
1404-04,120,avg_loans,3720956835953.084,28.945001965105913,419.9278860285923,109.181250367434,88
1404-04,121,avg_loans,4561441597089.167,29.148659829205968,446.37360668543107,116.05713773821208,79
1404-04,122,avg_loans,1303935284057.6667,27.896407949412094,283.7641069179183,73.77866779865876,151
1404-04,123,avg_loans,66280493890662.914,31.824916760038263,793.8953854857248,206.41280022628845,8
1404-04,124,avg_loans,3319517906785.1665,28.83084067951378,405.1036243584813,105.32694233320514,97
1404-04,125,avg_loans,1015746452601.8334,27.646644879416158,251.33145616468272,65.3461786028175,178
1404-04,126,avg_loans,5099443925317.833,29.260152615462953,460.8513539289959,119.82135202153893,75
1404-04,127,avg_loans,15875779954884.834,30.395815790516846,608.3213827464381,158.1635595140739,42
1404-04,128,avg_loans,755050051507.4166,27.35004987738676,212.81750726050245,55.33255188773064,202
1404-04,129,avg_loans,2831505936572.333,28.671829819115885,384.4554808945963,99.95842503259504,105
1404-04,130,avg_loans,9508368060711.916,29.88319337531177,541.7554818672694,140.85642528549005,54
1404-04,132,avg_loans,576203271908.25,27.079726338007045,177.71500414335455,46.20590107727219,214
1404-04,133,avg_loans,17807102616742.418,30.510618517050467,623.228937875564,162.03952384764665,39
1404-04,134,avg_loans,10833348948310.666,30.013650357977706,558.6957995739426,145.26090788922508,49
1404-04,135,avg_loans,3571842283544.833,28.904102624425406,414.61695662517775,107.80040872254622,92
1404-04,136,avg_loans,2241659691823.25,28.438237641289636,354.1226798033472,92.07189674887027,113
1404-04,140,avg_loans,570993942407.5834,27.070644437804614,176.53568609026527,45.899278383468975,215
1404-04,141,avg_loans,1046471531188.5,27.676445174630135,255.20113380371072,66.35229478896478,175
1404-04,142,avg_loans,52850601926581.41,31.598490217519245,764.4930684221914,198.76819778976977,12
1404-04,143,avg_loans,2660522063260.5835,28.609543483848874,376.36737179805624,97.85551666749463,107
1404-04,145,avg_loans,1145361525612.8333,27.766741445992633,266.926435840825,69.4008733186145,164
1404-04,146,avg_loans,5698903183841.667,29.37129484836595,475.2835805337388,123.5737309387721,69
1404-04,147,avg_loans,324116288102818.2,33.412123481224285,1000.0,260.0,1
1404-04,148,avg_loans,1629232016198.5833,28.119129864012717,312.68536445792006,81.29819475905921,137
1404-04,149,avg_loans,3305540538279.0835,28.826621127532327,404.55570005665464,105.18448201473021,98
1404-04,150,avg_loans,1116553595440.1667,27.741267910156616,263.6186037772896,68.5408369820953,167
1404-04,151,avg_loans,2109415844995.0,28.377432174373492,346.2268668938935,90.0189853924123,120
1404-04,152,avg_loans,25450862258468.33,30.867770738841102,669.6064638855793,174.09768061025062,25
1404-04,153,avg_loans,9703352214527.666,29.903492530862383,544.3914016714638,141.54176443458059,53
1404-04,154,avg_loans,1189727811202.25,27.804745666807968,271.8614233106405,70.68397006076653,162
1404-04,155,avg_loans,13183886768593.334,30.210016500511628,584.1946634398712,151.8906124943665,45
1404-04,156,avg_loans,17895330882245.832,30.51556095018218,623.8707309462317,162.20639004602023,38
1404-04,157,avg_loans,11735065501811.25,30.093602526963913,569.0778819760188,147.9602493137649,48
1404-04,159,avg_loans,611778919643.3334,27.13963681178376,185.4945989108783,48.22859571682836,210
1404-04,160,avg_loans,743152617295.75,27.33416726743076,210.75509210136332,54.79632394635446,203
1404-04,161,avg_loans,10763158624280.5,30.007150180026617,557.8517276247751,145.04144918244154,50
1404-04,162,avg_loans,48579845835146.5,31.514229866075297,753.551552725852,195.92340370872154,15
1404-04,163,avg_loans,6452233593982.917,29.49544748043134,491.40525519099435,127.76536634965854,63
1404-04,164,avg_loans,65009434825686.16,31.805553526455192,791.380998581915,205.75905963129793,9
1404-04,167,avg_loans,2177409364757.1667,28.40915692127437,350.3464416432258,91.09007482723871,115
1404-04,168,avg_loans,38972971779606.66,31.29388949050889,724.9395467647691,188.48428215884,18
1404-04,169,avg_loans,848209598651.3334,27.466393610419374,227.9251677358316,59.260543611316216,197
1404-04,170,avg_loans,98196404428211.23,32.21799071583464,844.937480414907,219.68374490787582,5
1404-04,171,avg_loans,3625499710933.0,28.919013246026708,416.5531555312713,108.30382043813053,91
1404-04,172,avg_loans,3224168028462.6665,28.801696057224657,401.31908825371005,104.34296294596462,101
1404-04,173,avg_loans,8071907905516.083,29.71941098978656,520.4877383639671,135.32681197463145,58
1404-04,174,avg_loans,21490465172448.832,30.6986304723445,647.6429798857921,168.38717477030596,32
1404-04,175,avg_loans,940375519607.75,27.569545121381477,241.31976978711515,62.74314014464994,190
1404-04,176,avg_loans,14175204556977.25,30.28251539626563,593.6089109746371,154.33831685340564,44
1404-04,177,avg_loans,41172020930888.66,31.348780037969533,732.0672856873966,190.33749427872314,16
1404-04,178,avg_loans,315081908916013.06,33.38385374925749,996.3290716126226,259.04555861928185,2
1404-04,179,avg_loans,941565913536.0,27.570810191660545,241.48404380304544,62.78585138879182,189
1404-04,180,avg_loans,1857322819965.25,28.250157222698725,329.6997475829008,85.72193437155421,125
1404-04,181,avg_loans,26418955380490.832,30.90510287527404,674.4541787331798,175.35808647062674,23
1404-04,184,avg_loans,1861836784459.4167,28.252584634905112,330.01495596148607,85.80388854998638,124
1404-04,187,avg_loans,5460951799077.25,29.32864421266852,469.7452390487441,122.13376215267347,71
1404-04,188,avg_loans,59495196569502.84,31.71691669529699,779.8711809420445,202.76650704493156,11
1404-04,190,avg_loans,7379495737406.417,29.629726423941868,508.84186853203477,132.29888581832904,60
1404-04,201,avg_loans,4635790816475.167,29.164827918834156,448.47309242712447,116.60300403105236,77
1404-04,202,avg_loans,2531538049399.25,28.559848158620767,369.9142515380518,96.17770539989347,109
1404-04,205,avg_loans,17451218878755.166,30.490430611923056,620.6074643468817,161.35794073018923,40
1404-04,206,avg_loans,6384887200702.75,29.484954938961582,490.04276019520466,127.41111765075321,64
1404-04,207,avg_loans,19461890489105.832,30.599479335404016,634.7678410743206,165.03963867932336,35
1404-04,209,avg_loans,1277483462910.75,27.875913214057313,281.1027903587792,73.0867254932826,152
1404-04,210,avg_loans,12315829368394.334,30.141906491428713,575.3503289374894,149.59108552374724,47
1404-04,211,avg_loans,6327581583155.5,29.475939222709123,488.87203637077755,127.10672945640216,65
1404-04,212,avg_loans,25985570131454.168,30.888562504939298,672.3063509762397,174.79965125382233,24
1404-04,213,avg_loans,24685621488728.92,30.837242064099026,665.6422034931802,173.06697290822686,27
1404-04,214,avg_loans,151336276581917.4,32.65052547389186,901.1037052572482,234.28696336688452,3
1404-04,215,avg_loans,62126852465103.59,31.76019941825257,785.491601275964,204.22781633175063,10
1404-04,216,avg_loans,905534223202.0834,27.531790908368578,236.41724674745782,61.46848415433904,192
1404-04,217,avg_loans,8384789689386.583,29.75744042912263,525.4260005512001,136.61076014331204,55
1404-04,219,avg_loans,7676255751559.5,29.6691530118567,513.9615555868677,133.6300044525856,59
1404-04,221,avg_loans,39748813545390.914,31.313601108668763,727.499172683728,189.1497848977693,17
1404-04,1001,avg_loans,21098405666224.414,30.680218592713306,645.2521297821364,167.76555374335547,33
1404-04,1002,avg_loans,1514031401226.3333,28.045797011301598,303.16282455337426,78.8223343838773,142
1404-04,1003,avg_loans,1754861888916.0833,28.19341127397596,322.33107800089914,83.80608028023379,130
1404-04,1004,avg_loans,1783701288342.5,28.20971169679751,324.44774769313955,84.35641440021628,128
1404-04,1006,avg_loans,1204263593035.4167,27.816889369946633,273.43832770548846,71.093965203427,160
1404-04,1008,avg_loans,2139312897236.8333,28.39150581734927,348.05438105548086,90.49413907442502,119
1404-04,1021,avg_loans,1103244930350.3333,27.729276889890706,262.06152581349954,68.13599671150989,168
1404-04,1031,avg_loans,1346173167093.4167,27.92828699199219,287.90371752714344,74.8549665570573,148
1404-04,1041,avg_loans,1000877356188.25,27.631898087465824,249.41653113968374,64.84829809631778,181
1404-04,1101,avg_loans,6324783975848.083,29.475496995942915,488.81461160312733,127.09179901681311,66
1404-04,1102,avg_loans,3721221337930.084,28.945073046977626,419.9371162703578,109.18365023029304,87
1404-04,1121,avg_loans,922887371297.5834,27.550773039408405,238.88214608816853,62.10935798292382,191
1404-04,1131,avg_loans,1433366894346.25,27.991047264346708,296.05336909286575,76.9738759641451,146
1404-04,1141,avg_loans,1126540477273.25,27.75017252806332,264.7749010740191,68.84147427924498,166
1404-04,1202,avg_loans,8199575288269.083,29.73510347474399,522.5254650946764,135.85662092461587,56
1404-04,1301,avg_loans,96210791025587.08,32.19756264013247,842.2848198561626,218.99405316260228,6
1404-04,1302,avg_loans,1615702921848.0,28.110791223638156,311.6025614197073,81.01666596912389,139
1404-04,1303,avg_loans,1948129943755.1667,28.29789102516446,335.8981569174766,87.33352079854393,122
1404-04,1304,avg_loans,3640552871548.5,28.92315667383174,417.09119482957135,108.44371065568855,89
1404-04,1308,avg_loans,3567439629257.333,28.902869263731887,414.4568002152397,107.75876805596232,94
1404-04,1309,avg_loans,5171328866722.75,29.274150805603803,462.66907026321195,120.2939582684351,73
1404-04,1310,avg_loans,1093120950988.8334,27.720057978643656,260.8644163737192,67.824748257167,171
1404-04,1321,avg_loans,1444347193544.5,27.998678566241843,297.04432163505476,77.23152362511424,144
1404-04,1331,avg_loans,408086458201.4167,26.734744896260246,132.91789856363977,34.55865362654634,219
1404-04,1351,avg_loans,1346459385596.25,27.928499585800154,287.9313236128873,74.8621441393507,147
1404-04,1361,avg_loans,1711195337050.9167,28.168213269752922,319.05902472794054,82.95534642926454,132
1404-04,1371,avg_loans,1059604665781.3334,27.688916997677715,256.8206457722531,66.77336790078581,174
1404-04,1381,avg_loans,755626686306.25,27.350813289985105,212.91663918654407,55.35832618850146,201
1404-04,1391,avg_loans,1198424316474.75,27.812028740287683,272.8071571158088,70.9298608501103,161
1404-04,1401,avg_loans,7368798878996.833,29.62827583449224,508.6535041713353,132.2499110845472,61
1404-04,1501,avg_loans,741980259220.25,27.332588474936763,210.55008010511224,54.74302082732918,204
1404-04,1502,avg_loans,241088687781.0,26.208430701837443,64.57406993251743,16.78925818245453,222
1404-04,1521,avg_loans,899667723081.6666,27.525291335526074,235.5732533738595,61.24904587720347,193
1404-04,1531,avg_loans,670342798222.25,27.231055057627927,197.36559344976487,51.31505429693887,207
1404-04,1601,avg_loans,3741773136486.5,28.950580715669883,420.65230725180834,109.36959988547017,86
1404-04,1602,avg_loans,3567768448154.5,28.902961431723018,414.46876856695405,107.76187982740805,93
1404-04,1604,avg_loans,1894692688722.5,28.270077771772986,332.2865039474373,86.39449102633371,123
1404-04,1621,avg_loans,2144463192670.5,28.393910377161507,348.3666219668648,90.57532171138485,117
1404-04,1631,avg_loans,25210374683807.25,30.8582767195252,668.3736306539805,173.77714397003493,26
1404-04,1701,avg_loans,2362222147076.75,28.490623879695207,360.9252250095351,93.84055850247913,110
1404-04,1801,avg_loans,2196026471123.4167,28.417670693749272,351.4519862270408,91.3775164190306,114
1404-04,1802,avg_loans,6219470581156.417,29.458705903487555,486.63422665919285,126.52489893139014,68
1404-04,1803,avg_loans,4359108353952.167,29.10328864640125,440.48199217976946,114.52531796674006,80
1404-04,1804,avg_loans,12573407137577.666,30.16260515491133,578.0381263120225,150.28991284112587,46
1404-04,1805,avg_loans,3300257251107.25,28.82502153624395,404.3479872606646,105.1304766877728,99
1404-04,1807,avg_loans,1100071920070.6667,27.726396675478906,261.68751940769323,68.03875504600025,169
1404-04,1808,avg_loans,3275991222292.5,28.817641602518194,403.38967579727125,104.88131570729053,100
1404-04,1821,avg_loans,1254739277761.25,27.85794892012695,278.7700609000911,72.48021583402368,154
1404-04,1831,avg_loans,15139574538671.416,30.348333261737995,602.1556022217592,156.5604565776574,43
1404-04,1841,avg_loans,1090434579838.5,27.71759742981149,260.54490508273386,67.74167532151081,172
1404-04,1901,avg_loans,3777358412080.8335,28.96004604848001,421.881415435412,109.68916801320712,84
1404-04,1902,avg_loans,17993520513824.582,30.5210328375653,624.5812755934473,162.39113165429632,37
1404-04,1904,avg_loans,147758985270.41666,25.718848305403263,1.0,0.26,223
1404-04,1905,avg_loans,1312407832329.75,27.902884605960345,284.6051245266525,73.99733237692965,150
1404-04,1906,avg_loans,2279401010323.333,28.454933809609297,356.2907385000858,92.63559201002231,112
1404-04,1921,avg_loans,589601520266.0,27.10271275629006,180.69987487005142,46.98196746621337,212
1404-04,1931,avg_loans,998618545168.25,27.629638706009363,249.1231421703019,64.77201696427849,182
1404-04,1951,avg_loans,612711346823.5,27.14115977588715,185.6923613858342,48.28001396031689,209
1404-04,2001,avg_loans,2864149412936.25,28.683292532987842,385.94395633533895,100.34542864718813,104
1404-04,2021,avg_loans,1550879168620.0,28.069843091621365,306.28529628231297,79.63417703340137,141
1404-04,2101,avg_loans,1231826535745.5,27.839519172219717,276.376890535252,71.85799153916552,158
1404-04,2121,avg_loans,1210567032630.0833,27.822109987777356,274.11624407968543,71.27022346071821,159
1404-04,2201,avg_loans,1676618518841.25,28.14780009456349,316.4082990554292,82.2661577544116,134
1404-04,2301,avg_loans,944477471645.8334,27.573897671456166,241.88496437917655,62.890090738585904,188
1404-04,2302,avg_loans,729091615402.5,27.31506523376605,208.27462296501645,54.15140197090428,205
1404-04,2303,avg_loans,578213110517.4166,27.083208340983482,178.1671550015993,46.32346030041582,213
1404-04,2304,avg_loans,966206383843.5834,27.596643296211713,244.83856718311716,63.65802746761047,187
1404-04,2305,avg_loans,5264390196401.833,29.291986432660874,464.9850918564617,120.89612388268004,72
1404-04,2306,avg_loans,970153327726.4166,27.6007199657742,245.3679376787578,63.79566379647704,186
1404-04,2307,avg_loans,1144244263318.0833,27.765765502981978,266.79970606119764,69.36792357591139,165
1404-04,2308,avg_loans,1239586290404.3333,27.845798803106472,277.192323639164,72.07000414618264,157
1404-04,2309,avg_loans,808234246323.75,27.418117762269826,221.6563717810254,57.6306566630666,200
1404-04,2310,avg_loans,825728815836.3334,27.439532246437526,224.4371210970992,58.3536514852458,198
1404-04,2314,avg_loans,540435877385.3333,27.015641831254936,169.39339588390143,44.04228292981438,216
1404-04,2315,avg_loans,289412439643.8333,26.391118634479962,88.29676807328683,22.957159699054575,220
1404-04,2331,avg_loans,1658083910598.5,28.136683780890284,314.96480495106715,81.89084928727746,135
1404-04,2341,avg_loans,691589144087.5,27.26225789382567,201.4173961799614,52.368523006789964,206
1404-04,2351,avg_loans,4573445566607.167,29.15128799006059,446.71488301232245,116.14586958320383,78
1404-04,2361,avg_loans,985529939659.5,27.616445343250728,247.40993562371955,64.32658326216709,185
1404-04,2371,avg_loans,488155830231.6667,26.91390051607369,156.18191292726604,40.607297361089174,218
1404-04,2401,avg_loans,3397858370358.333,28.854166458015154,408.1325622542826,106.11446618611349,96
1404-04,2402,avg_loans,2103708557773.3333,28.374722883041393,345.8750554769207,89.92751442399938,121
1404-04,2404,avg_loans,848417318426.25,27.466638472473445,227.95696397169039,59.2688106326395,196
1404-04,2421,avg_loans,1023456737568.0834,27.654206972047486,252.31342163011155,65.60148962382901,176
1404-04,2501,avg_loans,5116297110896.25,29.263452072801957,461.2798005666548,119.93274814733024,74
1404-04,2502,avg_loans,23712510739527.668,30.797023904095372,660.4197278991803,171.7091292537869,28
1404-04,2601,avg_loans,1694809174082.8333,28.158591268761715,317.80957260637507,82.63048887765753,133
1404-04,2621,avg_loans,609638578367.5,27.136132124041684,185.0395023526091,48.11027061167837,211
1404-04,2631,avg_loans,995042252291.8334,27.62605103781932,248.65727029649742,64.65089027708933,183
1404-04,2641,avg_loans,1098418257884.75,27.724892313517806,261.49217248914516,67.98796484717775,170
1404-04,2701,avg_loans,1244306771270.3333,27.84959968054501,277.6858815159226,72.19832919413987,155
1404-04,2702,avg_loans,867518050688.75,27.488902156262476,230.84798497340162,60.020476093084426,195
1404-04,2703,avg_loans,2170318827338.4167,28.405895197729695,349.9228948771655,90.97995266806304,116
1404-04,2704,avg_loans,1008260518209.25,27.639247702790527,250.37090564749468,65.09643546834862,179
1404-04,2721,avg_loans,23156992818875.0,30.773317916458353,657.3414184525337,170.90876879765878,31
1404-04,2731,avg_loans,617823305555.25,27.149468340183688,186.7712589349987,48.56052732309967,208
1404-04,2741,avg_loans,534339336128.0833,27.0042969350027,167.92021949322665,43.65925706823893,217
1404-04,2801,avg_loans,4248972639313.5,29.077698337717003,437.15899673357643,113.66133915072987,82
1404-04,2802,avg_loans,816430395460.0,27.428207498277967,222.9665610101604,57.97130586264171,199
1404-04,2901,avg_loans,1454836704007.8333,28.005914779331878,297.98397044674226,77.47583231615299,143
1404-04,3001,avg_loans,2557614971387.0,28.570096288361178,371.2450087742998,96.52370228131795,108
1404-04,3021,avg_loans,1820401295854.25,28.230078084940573,327.0923978960682,85.04402345297773,127
1404-04,3031,avg_loans,3844868174822.917,28.977760433467186,424.18169330117814,110.28724025830633,83
1404-04,3101,avg_loans,1836143435958.6667,28.238688529236352,328.2104956704099,85.33472887430658,126
1404-04,3102,avg_loans,4809639322026.167,29.201643212209163,453.2536933079069,117.84596026005579,76
1404-04,3105,avg_loans,1173522845822.3333,27.79103132015479,270.0805650944176,70.22094692454857,163
1404-04,3141,avg_loans,1341384622210.0833,27.924723496561754,287.44098457483784,74.73465598945783,149
1404-04,3201,avg_loans,1768580901010.1667,28.20119859009904,323.34228956283636,84.06899528633745,129
1404-04,3221,avg_loans,1019300799446.4166,27.6501380174307,251.78505294846784,65.46411376660164,177
1404-04,3301,avg_loans,1627877276382.4167,28.118297997610583,312.57734355437253,81.27010932413687,138
1404-04,3302,avg_loans,1648316491882.75,28.13077557502331,314.19760274833607,81.69137671456738,136
1404-04,3321,avg_loans,2804919184037.5,28.662395843093677,383.2304445049184,99.63991557127879,106
1404-04,3325,avg_loans,3476305805949.5,28.876991295857422,411.09645116808224,106.88507730370138,95
1404-04,3331,avg_loans,27741728072548.5,30.953958824208396,680.7983029026643,177.00755875469272,21
1404-04,3341,avg_loans,986152100685.3334,27.617076439983112,247.49188584924028,64.34789032080248,184
1404-04,3351,avg_loans,1269571402531.9167,27.869700481119885,280.29604419896464,72.87697149173081,153
1404-04,3361,avg_loans,872281763444.4166,27.49437833187955,231.55908646352503,60.20536248051651,194
1404-04,3371,avg_loans,1243087178434.8333,27.84861906150525,277.55854453676477,72.16522157955885,156
1404-04,3401,avg_loans,3121587644508.833,28.769362848744198,397.1205025364727,103.2513306594829,102
1404-04,3402,avg_loans,4313785459935.8335,29.092836931536215,439.12479866835247,114.17244765377164,81
1404-04,3421,avg_loans,3627949253227.75,28.919688660550193,416.6408605845212,108.32662375197552,90
1404-04,3501,avg_loans,1575412900541.4167,28.08553851292301,308.3234043080887,80.16408512010307,140
1404-04,3521,avg_loans,1078029218343.4166,27.70615569226364,259.059153494616,67.35537990860016,173
1404-04,3601,avg_loans,2963279097347.6665,28.71731757426173,390.36223274633284,101.49418051404655,103
1404-04,3701,avg_loans,1007938565637.9166,27.638928336933606,250.32943481956084,65.08565305308582,180
1404-04,3702,avg_loans,1442648256439.9167,27.99750160747614,296.8914892223219,77.1917871978037,145
1404-04,3731,avg_loans,2341987424703.333,28.48202101162097,359.8081110353496,93.55010886919091,111
1404-04,3801,avg_loans,1718748175066.3333,28.172617336581723,319.6309089594834,83.10403632946569,131
1404-04,3901,avg_loans,8150024608445.417,29.72904206261804,521.7383684972666,135.65197580928933,57
1404-04,4001,avg_loans,2141392621436.9167,28.392477490992615,348.18055644210335,90.52694467494688,118
1404-04,4021,avg_loans,276452522608.75,26.34530493470138,82.34769111544645,21.410399690016078,221
1404-04,101,loan_count,609.75,6.41468771013785,611.7424348122399,6.117424348122399,77
1404-04,102,loan_count,1028.9166666666667,6.9372331718017355,729.6269392908032,7.296269392908032,21
1404-04,103,loan_count,255.25,5.546153530452618,415.8040353687353,4.158040353687353,181
1404-04,104,loan_count,201.16666666666663,5.309092439715995,362.3238479728873,3.623238479728873,198
1404-04,105,loan_count,251.75,5.532400857900581,412.70147854259704,4.1270147854259704,183
1404-04,106,loan_count,362.1666666666667,5.894861865716565,494.47146686692776,4.944714668669278,142
1404-04,107,loan_count,369.25,5.914178453147908,498.8292242385255,4.988292242385255,134
1404-04,108,loan_count,226.08333333333331,5.425317057309344,388.5437320946927,3.8854373209469273,190
1404-04,109,loan_count,192.25,5.263984687467532,352.1476902754882,3.521476902754882,199
1404-04,110,loan_count,304.9166666666667,5.723312733708834,455.7705577516422,4.557705577516422,163
1404-04,111,loan_count,277.5833333333333,5.629717236632098,434.6557273612238,4.346557273612238,169
1404-04,112,loan_count,481.4166666666667,6.178808194291005,558.5288067506597,5.585288067506597,95
1404-04,114,loan_count,241.33333333333331,5.490314188865409,403.2068670908651,4.032068670908651,187
1404-04,115,loan_count,388.5,5.964863865310803,510.26368331523236,5.1026368331523235,118
1404-04,116,loan_count,621.25,6.4333419412477015,615.9507668180548,6.159507668180549,74
1404-04,117,loan_count,354.1666666666667,5.872587162870563,489.4463685739543,4.894463685739543,146
1404-04,118,loan_count,339.5,5.830415125589567,479.93249833213514,4.799324983321352,151
1404-04,119,loan_count,555.0833333333334,6.320918163115606,590.5883393375639,5.905883393375639,87
1404-04,120,loan_count,105.41666666666669,4.6673622062445395,217.55165850479605,2.1755165850479607,218
1404-04,121,loan_count,376.25,5.9329080976479585,503.0545692523691,5.030545692523691,130
1404-04,122,loan_count,282.4166666666667,5.646918135219195,438.5361924217552,4.385361924217552,168
1404-04,123,loan_count,295.3333333333333,5.691484946845795,448.5903157281987,4.485903157281987,166
1404-04,124,loan_count,247.91666666666663,5.51711816842811,409.2537550281197,4.092537550281198,184
1404-04,125,loan_count,222.0,5.407171771460119,384.4502164335929,3.844502164335929,191
1404-04,126,loan_count,157.91666666666666,5.068379955812419,308.0199185187462,3.0801991851874617,206
1404-04,127,loan_count,317.9166666666667,5.764929835637702,465.15923643827114,4.6515923643827115,158
1404-04,128,loan_count,296.0833333333333,5.694012683060396,449.16056454475506,4.49160564544755,165
1404-04,129,loan_count,560.0,6.329720905522696,592.574208516119,5.925742085161191,84
1404-04,130,loan_count,362.5833333333333,5.89600852333561,494.73014898196755,4.947301489819676,141
1404-04,132,loan_count,382.4166666666667,5.949122300367469,506.712439032767,5.06712439032767,123
1404-04,133,loan_count,310.1666666666667,5.740328674313668,459.60929691138966,4.596092969113896,161
1404-04,134,loan_count,270.5833333333333,5.604269029049561,428.9146970378859,4.289146970378859,172
1404-04,135,loan_count,258.1666666666667,5.55747135538528,418.3572987340196,4.183572987340196,179
1404-04,136,loan_count,150.66666666666666,5.02168513028284,297.4857224093022,2.974857224093022,208
1404-04,140,loan_count,217.16666666666663,5.385259296681845,379.5068355784408,3.7950683557844083,194
1404-04,141,loan_count,465.75,6.145793782421832,551.0808661036274,5.510808661036274,102
1404-04,142,loan_count,453.25,6.11864770727628,544.9568025496519,5.449568025496519,108
1404-04,143,loan_count,211.0,5.356586274672012,373.0382979305027,3.7303829793050274,195
1404-04,145,loan_count,156.58333333333334,5.059954418870457,306.11914562865866,3.0611914562865867,207
1404-04,146,loan_count,364.3333333333333,5.900810178839851,495.8133863676524,4.958133863676524,139
1404-04,147,loan_count,3413.25,8.135713128558534,1000.0,10.0,1
1404-04,148,loan_count,231.33333333333331,5.448173122092414,393.6999836918318,3.936999836918318,189
1404-04,149,loan_count,62.91666666666666,4.157580151579256,102.5465358597244,1.025465358597244,221
1404-04,150,loan_count,72.66666666666667,4.299550412849643,134.5745508907244,1.345745508907244,220
1404-04,151,loan_count,180.58333333333331,5.201714685156619,338.0997864951611,3.380997864951611,203
1404-04,152,loan_count,365.6666666666667,5.9044531701183525,496.6352329880755,4.966352329880755,137
1404-04,153,loan_count,192.25,5.263984687467532,352.1476902754882,3.521476902754882,200
1404-04,154,loan_count,355.4166666666667,5.876100458438908,490.23895627693116,4.9023895627693115,145
1404-04,155,loan_count,489.5833333333333,6.195595159240261,562.3158897700793,5.623158897700793,93
1404-04,156,loan_count,218.08333333333331,5.389452174941881,380.45273485857126,3.8045273485857125,193
1404-04,157,loan_count,473.0833333333333,6.161383114962647,554.5977672663969,5.545977672663969,99
1404-04,159,loan_count,202.58333333333331,5.31607542146974,363.89918524823526,3.6389918524823526,197
1404-04,160,loan_count,351.4166666666667,5.864814187684488,487.69281142848257,4.8769281142848255,148
1404-04,161,loan_count,204.25,5.324228748332538,365.738548456964,3.65738548456964,196
1404-04,162,loan_count,242.83333333333331,5.496484931792069,404.5989660096034,4.0459896600960334,186
1404-04,163,loan_count,150.33333333333334,5.019484909373238,296.98935994765935,2.9698935994765936,209
1404-04,164,loan_count,246.16666666666663,5.510062872909877,407.66210400991287,4.076621040099129,185
1404-04,167,loan_count,171.41666666666666,5.149914027957543,326.4137318768073,3.2641373187680727,205
1404-04,168,loan_count,269.75,5.6011958858811,428.2214062408474,4.282214062408474,173
1404-04,169,loan_count,260.0,5.564520407322694,419.9475412213234,4.199475412213234,177
1404-04,170,loan_count,366.9166666666667,5.90785646325006,497.4030045100961,4.974030045100961,135
1404-04,171,loan_count,310.3333333333333,5.740864149560733,459.7300983321116,4.597300983321116,160
1404-04,172,loan_count,472.5833333333333,6.160327891509121,554.3597123925932,5.543597123925933,100
1404-04,173,loan_count,266.1666666666667,5.587872683381498,425.21573641887244,4.252157364188724,176
1404-04,174,loan_count,352.25,5.867176021564637,488.225633234523,4.88225633234523,147
1404-04,175,loan_count,302.1666666666667,5.714282709290067,453.73341451314565,4.537334145131457,164
1404-04,176,loan_count,325.25,5.787663958636903,470.28797837774175,4.702879783777417,156
1404-04,177,loan_count,333.75,5.813383984571282,476.0903300100678,4.760903300100678,154
1404-04,178,loan_count,402.8333333333333,6.001002251588471,518.4163821166584,5.184163821166584,113
1404-04,179,loan_count,376.8333333333333,5.934453181279474,503.40313494022166,5.034031349402217,127
1404-04,180,loan_count,657.5,6.489964521183336,628.7246310417644,6.287246310417644,66
1404-04,181,loan_count,370.0,5.916202062607435,499.2857437490669,4.992857437490669,133
1404-04,184,loan_count,355.9166666666667,5.87750232782737,490.5552133116326,4.905552133116326,144
1404-04,187,loan_count,187.25,5.237770866680003,346.2339401795867,3.462339401795867,202
1404-04,188,loan_count,232.0,5.4510384535657,394.3463928670634,3.943463928670634,188
1404-04,190,loan_count,384.9166666666667,5.955621456692752,508.1786269133299,5.081786269133299,120
1404-04,201,loan_count,390.8333333333333,5.970836579312015,511.6111075722206,5.116111075722206,117
1404-04,202,loan_count,114.66666666666669,4.750712491278749,236.35520340234027,2.3635520340234026,216
1404-04,205,loan_count,176.25,5.177561165412237,332.6508334080683,3.326508334080683,204
1404-04,206,loan_count,364.75,5.901950039900234,496.0705352018413,4.9607053520184134,138
1404-04,207,loan_count,270.9166666666667,5.605495646805321,429.19141789172676,4.291914178917268,171
1404-04,209,loan_count,423.5,6.050912005751402,529.6758553487283,5.296758553487283,112
1404-04,210,loan_count,219.58333333333331,5.396275552439101,381.9920659486714,3.819920659486714,192
1404-04,211,loan_count,391.0833333333333,5.97147440223148,511.75499828474693,5.1175499828474695,116
1404-04,212,loan_count,127.75,4.857872539543846,260.5301510698704,2.605301510698704,212
1404-04,213,loan_count,268.0,5.594711379601839,426.7585233615574,4.267585233615574,175
1404-04,214,loan_count,402.0833333333333,5.999143323034983,517.9970140664774,5.179970140664774,114
1404-04,215,loan_count,113.25,4.738389029774314,233.57507179755098,2.3357507179755097,217
1404-04,216,loan_count,396.25,5.984565805416826,514.7083749584615,5.147083749584615,115
1404-04,217,loan_count,130.5,4.879006851617819,265.2979810274832,2.6529798102748323,211
1404-04,219,loan_count,126.5,4.848116364598481,258.32919070676957,2.5832919070676956,213
1404-04,221,loan_count,126.33333333333331,4.846808319938465,258.03410021628696,2.5803410021628697,214
1404-04,1001,loan_count,687.4166666666666,6.534394274774505,638.7478345148596,6.387478345148597,55
1404-04,1002,loan_count,885.0,6.786716950605081,695.6709843481373,6.956709843481373,30
1404-04,1003,loan_count,661.0,6.495265555937008,629.9205267121056,6.299205267121056,62
1404-04,1004,loan_count,856.0,6.75343791859778,688.163346285001,6.881633462850011,37
1404-04,1006,loan_count,592.75,6.386458355348851,605.3739870020642,6.0537398700206415,79
1404-04,1008,loan_count,463.0,6.139884552226255,549.7477635803807,5.497477635803807,103
1404-04,1021,loan_count,377.0,5.934894195619588,503.50262629698653,5.035026262969866,126
1404-04,1031,loan_count,921.8333333333334,6.827448647594912,704.8599186485671,7.048599186485672,28
1404-04,1041,loan_count,714.5,6.572981598996505,647.4530055072164,6.474530055072164,50
1404-04,1101,loan_count,694.25,6.544271493114074,640.9761018619324,6.409761018619324,53
1404-04,1102,loan_count,637.5,6.459121675472594,621.7665884405671,6.217665884405672,71
1404-04,1121,loan_count,568.8333333333334,6.3453439204112465,596.0987083036277,5.960987083036278,83
1404-04,1131,loan_count,1195.25,7.086946942767164,763.4018641512718,7.634018641512718,12
1404-04,1141,loan_count,881.4166666666666,6.782664355642454,694.7567325096456,6.947567325096457,31
1404-04,1202,loan_count,1653.5833333333333,7.411304493777352,836.5758403503248,8.365758403503248,2
1404-04,1301,loan_count,360.3333333333333,5.889800893331482,493.329728462205,4.93329728462205,143
1404-04,1302,loan_count,609.8333333333334,6.414824145092697,611.7732140806972,6.1177321408069725,76
1404-04,1303,loan_count,482.4166666666667,6.180878945678064,558.9959613220235,5.589959613220235,94
1404-04,1304,loan_count,362.75,5.8964668184857025,494.83353883153507,4.948335388315351,140
1404-04,1308,loan_count,594.5833333333334,6.389541317431979,606.0694929133364,6.060694929133364,78
1404-04,1309,loan_count,331.25,5.805887697593355,474.39919279684204,4.743991927968421,155
1404-04,1310,loan_count,666.8333333333334,6.50403864140809,631.899705385313,6.31899705385313,60
1404-04,1321,loan_count,542.3333333333334,6.297723005132698,585.3555894512469,5.8535558945124695,88
1404-04,1331,loan_count,387.5,5.962293169807702,509.68374302719815,5.096837430271981,119
1404-04,1351,loan_count,816.6666666666666,6.7064547555903795,677.564102207123,6.77564102207123,39
1404-04,1361,loan_count,258.4166666666667,5.558435520653608,418.574811186487,4.1857481118648705,178
1404-04,1371,loan_count,663.1666666666666,6.49853312199626,630.6576786615635,6.3065767866156355,61
1404-04,1381,loan_count,491.1666666666667,6.198817412515868,563.0428193074439,5.630428193074439,91
1404-04,1391,loan_count,673.3333333333334,6.513724548499636,634.0848135561439,6.340848135561439,58
1404-04,1401,loan_count,872.9166666666666,6.772985024046405,692.5731077485568,6.925731077485568,34
1404-04,1501,loan_count,372.75,5.923587124704897,500.95178900210686,5.009517890021069,131
1404-04,1502,loan_count,52.833333333333336,3.9858928539946015,63.814457053442375,0.6381445705344237,222
1404-04,1521,loan_count,666.9166666666666,6.504163415255653,631.9278539470574,6.319278539470575,59
1404-04,1531,loan_count,558.8333333333334,6.327639120384238,592.1045647674268,5.921045647674268,85
1404-04,1601,loan_count,1227.1666666666667,7.1132778215389445,769.3420221360196,7.6934202213601965,8
1404-04,1602,loan_count,455.0833333333333,6.1226755413559175,545.8654684159441,5.45865468415944,107
1404-04,1604,loan_count,1101.25,7.005108824238047,744.9394589482038,7.449394589482038,16
1404-04,1621,loan_count,1008.5,6.9172104377528925,725.1098776094367,7.251098776094367,25
1404-04,1631,loan_count,660.0,6.493753839851686,629.5794886308197,6.295794886308197,63
1404-04,1701,loan_count,1013.8333333333334,6.9224796743805195,726.2985997291355,7.262985997291355,23
1404-04,1801,loan_count,256.25,5.550048374714159,416.6826991778724,4.166826991778724,180
1404-04,1802,loan_count,654.4166666666666,6.485271165704378,627.6658257787411,6.276658257787411,68
1404-04,1803,loan_count,1372.0833333333333,7.224814098269431,794.504232275383,7.94504232275383,5
1404-04,1804,loan_count,275.75,5.623114571588746,433.16618826084573,4.331661882608457,170
1404-04,1805,loan_count,188.5,5.244389024522481,347.7269744035128,3.4772697440351283,201
1404-04,1807,loan_count,659.25,6.492618551177242,629.3233713115709,6.2932337131157094,64
1404-04,1808,loan_count,1004.0,6.912742820493176,724.1019981319563,7.241019981319563,26
1404-04,1821,loan_count,698.4166666666666,6.550246654294827,642.3240781944216,6.423240781944217,51
1404-04,1831,loan_count,1233.0833333333333,7.118083733249503,770.4262197075822,7.704262197075821,7
1404-04,1841,loan_count,675.9166666666666,6.517548173262954,634.9474104852235,6.349474104852235,57
1404-04,1901,loan_count,268.9166666666667,5.598113269383329,427.52597829247316,4.275259782924731,174
1404-04,1902,loan_count,380.75,5.944765944098742,505.72965966188565,5.0572965966188566,124
1404-04,1904,loan_count,39.75,3.7074558396868715,1.0,0.01,223
1404-04,1905,loan_count,623.1666666666666,6.436417426723265,616.6445860317236,6.1664458603172365,73
1404-04,1906,loan_count,337.6666666666667,5.825016339470317,478.71455028140105,4.787145502814011,152
1404-04,1921,loan_count,288.1666666666667,5.667003223152904,443.0673209305253,4.430673209305253,167
1404-04,1931,loan_count,681.0,6.525029657843462,636.635208327212,6.36635208327212,56
1404-04,1951,loan_count,339.75,5.831149070576642,480.0980738608947,4.800980738608947,150
1404-04,2001,loan_count,1140.25,7.039879431909179,752.7835914810521,7.527835914810521,14
1404-04,2021,loan_count,490.3333333333333,6.197122784081172,562.6605168132968,5.626605168132968,92
1404-04,2101,loan_count,768.4166666666666,6.645632651984627,663.8428395210452,6.638428395210452,45
1404-04,2121,loan_count,640.5833333333334,6.463939079490049,622.853378638041,6.22853378638041,70
1404-04,2201,loan_count,1019.75,6.928292930199685,727.6100507547885,7.276100507547885,22
1404-04,2301,loan_count,321.0833333333333,5.774810311233522,467.3882386114352,4.673882386114352,157
1404-04,2302,loan_count,480.75,6.177425307294476,558.2168320799458,5.582168320799458,96
1404-04,2303,loan_count,372.5833333333333,5.923141094367439,500.85116605315596,5.00851166053156,132
1404-04,2304,loan_count,348.5833333333333,5.8567419691133065,485.8717459784519,4.858717459784519,149
1404-04,2305,loan_count,445.6666666666667,6.101812604276847,541.1588597474804,5.411588597474804,111
1404-04,2306,loan_count,512.6666666666666,6.241574546652006,572.6886854384262,5.726886854384262,90
1404-04,2307,loan_count,698.4166666666666,6.550246654294827,642.3240781944216,6.423240781944217,52
1404-04,2308,loan_count,478.6666666666667,6.173091418219258,557.2391212326056,5.572391212326056,97
1404-04,2309,loan_count,473.4166666666667,6.1620859791630815,554.756331073879,5.54756331073879,98
1404-04,2310,loan_count,460.6666666666667,6.134843129953329,548.6104356154248,5.4861043561542475,105
1404-04,2314,loan_count,252.41666666666663,5.535035037889364,413.29574071778904,4.132957407177891,182
1404-04,2315,loan_count,74.0,4.31748811353631,138.62123603501647,1.3862123603501646,219
1404-04,2331,loan_count,755.9166666666666,6.629253163714213,660.1476818744322,6.601476818744323,46
1404-04,2341,loan_count,445.75,6.101999154039538,541.2009447485927,5.412009447485928,110
1404-04,2351,loan_count,592.5833333333334,6.386177614190354,605.3106527378054,6.053106527378055,80
1404-04,2361,loan_count,879.4166666666666,6.780395280262157,694.2448367102276,6.942448367102275,32
1404-04,2371,loan_count,460.0833333333333,6.133578793110109,548.3252054618946,5.483252054618946,106
1404-04,2401,loan_count,689.5833333333334,6.537536651061043,639.4567440712533,6.3945674407125335,54
1404-04,2402,loan_count,1386.5833333333333,7.235318903877117,796.8740812063496,7.968740812063496,4
1404-04,2404,loan_count,383.5,5.951943788945699,507.34895739784383,5.0734895739784385,122
1404-04,2421,loan_count,740.4166666666666,6.608562770456767,655.4799985137269,6.554799985137269,49
1404-04,2501,loan_count,1012.0,6.920671504248683,725.890682608727,7.25890682608727,24
1404-04,2502,loan_count,750.0833333333334,6.62151660876841,658.4023410130781,6.584023410130781,47
1404-04,2601,loan_count,1195.75,7.0873648282726185,763.4961377204698,7.634961377204698,11
1404-04,2621,loan_count,524.4166666666666,6.26419159861102,577.7910165436749,5.777910165436749,89
1404-04,2631,loan_count,869.8333333333334,6.7694506076049565,691.7757552474092,6.917757552474092,36
1404-04,2641,loan_count,748.25,6.619072706196772,657.8510047853478,6.578510047853477,48
1404-04,2701,loan_count,657.0833333333334,6.489331569709581,628.5818393110603,6.2858183931106035,67
1404-04,2702,loan_count,336.4166666666667,5.821318566244161,477.8803450372266,4.7788034503722665,153
1404-04,2703,loan_count,556.25,6.323013972265978,591.0611468563327,5.910611468563327,86
1404-04,2704,loan_count,376.5,5.933570568689079,503.20402049851566,5.032040204985157,129
1404-04,2721,loan_count,912.5,6.817283375818062,702.5666674116543,7.025666674116543,29
1404-04,2731,loan_count,366.75,5.907403359481547,497.3007858188104,4.9730078581881045,136
1404-04,2741,loan_count,317.3333333333333,5.76309905181262,464.74621774447206,4.647462177444721,159
1404-04,2801,loan_count,1098.8333333333333,7.002913932155367,744.4442986520512,7.444442986520512,17
1404-04,2802,loan_count,461.0,6.135564891081739,548.773262506512,5.48773262506512,104
1404-04,2901,loan_count,1038.5,6.946495107298068,731.7164008909881,7.317164008909881,20
1404-04,3001,loan_count,1090.8333333333333,6.995613519503821,742.7973500302487,7.427973500302487,18
1404-04,3021,loan_count,1206.5833333333333,7.096376396257924,765.529117249447,7.65529117249447,10
1404-04,3031,loan_count,779.3333333333334,6.659721178822801,667.0211639482878,6.670211639482878,44
1404-04,3101,loan_count,1273.4166666666667,7.150243836560123,777.6814312076111,7.7768143120761115,6
1404-04,3102,loan_count,780.1666666666666,6.660788528694651,667.2619545014153,6.672619545014153,43
1404-04,3105,loan_count,810.9166666666666,6.699397707637341,675.9720558454984,6.759720558454984,41
1404-04,3141,loan_count,780.25,6.660895201050611,667.2860194273336,6.672860194273336,42
1404-04,3201,loan_count,1210.5,7.099614540256581,766.259631680663,7.6625963168066304,9
1404-04,3221,loan_count,658.1666666666666,6.490976410973699,628.9529099864213,6.289529099864214,65
1404-04,3301,loan_count,646.5,6.4731187935736925,624.9242913631452,6.249242913631453,69
1404-04,3302,loan_count,971.6666666666666,6.8800414404146215,716.7246764075448,7.167246764075449,27
1404-04,3321,loan_count,815.3333333333334,6.704822768284058,677.195931341552,6.77195931341552,40
1404-04,3325,loan_count,378.25,5.938195618228642,504.2474161705861,5.0424741617058615,125
1404-04,3331,loan_count,1089.25,6.994162306722876,742.4699612916116,7.4246996129161165,19
1404-04,3341,loan_count,573.6666666666666,6.353790162555529,598.0041522179511,5.980041522179511,82
1404-04,3351,loan_count,384.25,5.9538924742002255,507.78857425889754,5.077885742588975,121
1404-04,3361,loan_count,376.8333333333333,5.934453181279474,503.40313494022166,5.034031349402217,128
1404-04,3371,loan_count,305.0833333333333,5.723857396031667,455.8934317458604,4.558934317458604,162
1404-04,3401,loan_count,613.6666666666666,6.421080115448429,613.1845400217356,6.131845400217356,75
1404-04,3402,loan_count,449.8333333333333,6.111097722052527,543.2535511921745,5.4325355119217456,109
1404-04,3421,loan_count,878.6666666666666,6.779543047835214,694.0525759315561,6.940525759315562,33
1404-04,3501,loan_count,833.6666666666666,6.727032443551879,682.2063596308727,6.822063596308728,38
1404-04,3521,loan_count,870.25,6.769928962074734,691.8836704122548,6.918836704122548,35
1404-04,3601,loan_count,1472.3333333333333,7.295282686403634,810.4017095342091,8.10401709534209,3
1404-04,3701,loan_count,472.0,6.159095388491933,554.0816638435025,5.540816638435025,101
1404-04,3702,loan_count,634.4166666666666,6.454280951687612,620.6745373817116,6.2067453738171166,72
1404-04,3731,loan_count,584.4166666666666,6.3723238444139465,602.1852887167466,6.021852887167467,81
1404-04,3801,loan_count,1108.4166666666667,7.0115896306439165,746.4015071484595,7.464015071484595,15
1404-04,3901,loan_count,1178.25,7.072633922164371,760.1728946832775,7.601728946832775,13
1404-04,4001,loan_count,133.75,4.903421209789107,270.8057783893052,2.708057783893052,210
1404-04,4021,loan_count,116.08333333333331,4.762885931979846,239.101490816795,2.39101490816795,215
1404-04,101,avg_commitments,91078514094531.16,32.142743042701724,946.8927199203199,160.9717623864544,4
1404-04,102,avg_commitments,146672787682546.1,32.61922528750108,989.7615318318994,168.2594604114229,2
1404-04,103,avg_commitments,21069499702290.832,30.678847598910856,815.1869551766305,138.5817823800272,23
1404-04,104,avg_commitments,4085218984921.917,29.03839644988398,667.5965831841108,113.49141914129885,63
1404-04,105,avg_commitments,43408682702266.586,31.401680599289353,880.2197917092003,149.63736459056406,13
1404-04,106,avg_commitments,448429361176.0833,26.82901700587823,468.8200855073172,79.69941453624392,139
1404-04,107,avg_commitments,46278599638.083336,24.55794548036732,264.49318953689476,44.96384222127211,196
1404-04,108,avg_commitments,10910486159970.666,30.020745475731374,755.9779155007191,128.51624563512226,38
1404-04,109,avg_commitments,614738256750.3334,27.144462415381746,497.2005132692618,84.52408725577452,131
1404-04,110,avg_commitments,140101370888807.0,32.57338735429721,985.6375214235793,167.5583786420085,3
1404-04,111,avg_commitments,15679184752404.584,30.38335513666786,788.6016816990872,134.06228588884483,28
1404-04,112,avg_commitments,45895014308906.086,31.45737760637441,885.2308168771428,150.4892388691143,11
1404-04,114,avg_commitments,24518985089814.92,30.83046883502312,828.8282237100148,140.90079803070253,21
1404-04,115,avg_commitments,13138972235427.75,30.206603909444112,772.69948345834,131.3589121879178,33
1404-04,116,avg_commitments,2769650950725.0,28.649742417619567,632.6296210576711,107.54703557980409,74
1404-04,117,avg_commitments,67033428562503.17,31.836212544662164,919.3143612111635,156.2834414058978,6
1404-04,118,avg_commitments,587812785653.0834,27.099674342402867,493.17095813395525,83.8390628827724,132
1404-04,119,avg_commitments,980132207255.5,27.610953304875895,539.1704091435796,91.65896955440854,116
1404-04,120,avg_commitments,354572551816.4167,26.59417882154826,447.69183977816607,76.10761276228824,151
1404-04,121,avg_commitments,2452578959058.333,28.52816122320277,621.6910364360476,105.68747619412811,80
1404-04,122,avg_commitments,431889044554.6667,26.791434550894817,465.43881535204025,79.12459860984684,141
1404-04,123,avg_commitments,12709612142485.75,30.17337968473091,769.7103205762307,130.85075449795923,35
1404-04,124,avg_commitments,382181388851.5,26.669161172780193,454.4379553926172,77.25445241674493,147
1404-04,125,avg_commitments,237835339643.75,26.19484442094693,411.7639715395277,69.99987516171971,164
1404-04,126,avg_commitments,656616181045.1666,27.210365485399205,503.1297715864605,85.5320611696983,129
1404-04,127,avg_commitments,5210982414730.25,29.28178951720615,689.4945064278411,117.21406609273299,53
1404-04,128,avg_commitments,9318750748.833334,22.955294416942333,120.30366779135854,20.45162352453095,221
1404-04,129,avg_commitments,1901194766056.25,28.273503628714483,598.7796506727215,101.79254061436265,88
1404-04,130,avg_commitments,3436815734332.5,28.865566500003364,652.0471798328072,110.84802057157722,70
1404-04,132,avg_commitments,51561579754.91666,24.66604265372407,274.21862515046166,46.617166275578484,195
1404-04,133,avg_commitments,3758169021833.6665,28.9549529924477,660.0892270944962,112.21516860606437,67
1404-04,134,avg_commitments,6460705457186.75,29.496759631659778,708.8352342381793,120.5019898204905,51
1404-04,135,avg_commitments,5097080640648.333,29.25968906835991,687.506142758278,116.87604426890726,54
1404-04,136,avg_commitments,44463545651257.75,31.425690770525886,882.3799719172524,150.00459522593292,12
1404-04,140,avg_commitments,365923504410.75,26.625690144163844,450.526893921393,76.58957196663683,149
1404-04,141,avg_commitments,255879188011.5833,26.267971248209975,418.3431468138344,71.11833495835185,161
1404-04,142,avg_commitments,50051967754506.586,31.54408293669131,893.0316416458636,151.81537907979683,10
1404-04,143,avg_commitments,6742828231017.167,29.539500571682822,712.6806100916774,121.15570371558516,49
1404-04,145,avg_commitments,1509888727183.1667,28.043057073433584,578.0465170841483,98.26790790430522,97
1404-04,146,avg_commitments,2646783962003.333,28.60436641967512,628.5471706780146,106.85301901526249,76
1404-04,147,avg_commitments,164350878718852.66,32.73302476265578,1000.0,170.0,1
1404-04,148,avg_commitments,431123104688.9167,26.78965951199756,465.27911620385,79.0974497546545,142
1404-04,149,avg_commitments,183436903604.5,25.935136595749913,388.3982196529607,66.02769734100332,173
1404-04,150,avg_commitments,237102152688.3333,26.191756909223006,411.4861900255001,69.95265230433502,166
1404-04,151,avg_commitments,11891719777947.5,30.106863456873924,763.7258968286687,129.83340246087369,36
1404-04,152,avg_commitments,18127994699850.5,30.528478527840562,801.6583431551146,136.2819183363695,26
1404-04,153,avg_commitments,2146257860137.9167,28.39474691141763,609.6878335871392,103.64693170981366,83
1404-04,154,avg_commitments,755405884036.25,27.35052103649447,515.7394795532218,87.67571152404771,122
1404-04,155,avg_commitments,14632255686058.166,30.314249501308066,782.384290565202,133.00532939608436,29
1404-04,156,avg_commitments,54503223294983.84,31.629280958876112,900.6968548372112,153.1184653223259,9
1404-04,157,avg_commitments,2473109972234.833,28.53649757264038,622.4410526223182,105.81497894579411,79
1404-04,159,avg_commitments,217558410403.41663,26.105733205004615,403.746690733919,68.63693742476624,168
1404-04,160,avg_commitments,34857063600.083336,24.274521639442302,238.99372243085745,40.62893281324577,203
1404-04,161,avg_commitments,9492879587775.25,29.881563116430502,743.4557649958425,126.38748004929323,42
1404-04,162,avg_commitments,43353511012791.5,31.400408808096685,880.1053694447312,149.6179128056043,14
1404-04,163,avg_commitments,4781905325229.583,29.195860186615324,681.7634978729741,115.89979463840561,56
1404-04,164,avg_commitments,57163430534506.66,31.676935483538283,904.9843028518557,153.84733148481547,8
1404-04,167,avg_commitments,60784426769816.086,31.738354733437237,910.5101546551632,154.78672629137776,7
1404-04,168,avg_commitments,263852542991.41663,26.298656234774825,421.1038560153112,71.5876555226029,159
1404-04,169,avg_commitments,20542037445.25,23.74573923059996,191.41949721211955,32.541314526060326,214
1404-04,170,avg_commitments,28482852123078.168,30.98032334222921,842.3105407399504,143.19279192579157,18
1404-04,171,avg_commitments,9127692744930.25,29.84233406719997,739.9263517778497,125.78747980223446,43
1404-04,172,avg_commitments,3412850477034.333,28.85856897505908,651.4176168554721,110.74099486543027,71
1404-04,173,avg_commitments,34627330662863.08,31.17566438973359,859.8852535765275,146.18049310800967,16
1404-04,174,avg_commitments,19361480178157.08,30.594306650337778,807.5808584904214,137.28874594337165,25
1404-04,175,avg_commitments,2350935905940.5,28.485834622648454,617.8829384474571,105.04009953606773,81
1404-04,176,avg_commitments,3789592227454.417,28.963279537534063,660.8383611893686,112.34252140219267,66
1404-04,177,avg_commitments,246734664105.8333,26.231579361785794,415.0689913730945,70.56172853342606,162
1404-04,178,avg_commitments,2918053247482.0835,28.70193781380065,637.3256084653016,108.34535343910127,73
1404-04,179,avg_commitments,8460087538032.667,29.76638063677845,733.0928687712573,124.62578769111374,44
1404-04,180,avg_commitments,227338431970.5,26.149705633897383,407.7028628768982,69.3094866890727,167
1404-04,181,avg_commitments,9759827357888.0,29.90929582745622,745.9508597989244,126.81164616581715,41
1404-04,184,avg_commitments,5037323660122.583,29.24789603715412,686.4451310581645,116.69567227988797,55
1404-04,187,avg_commitments,1083702716181.25,27.711404734269056,548.2079619168587,93.19535352586598,111
1404-04,188,avg_commitments,16664924500257.166,30.444327297240434,794.0873091531155,134.99484255602965,27
1404-04,190,avg_commitments,432686206174.25,26.793278605174205,465.60472377133743,79.15280304112737,140
1404-04,201,avg_commitments,29169835128761.832,31.004156247710025,844.4547724579525,143.55731131785194,17
1404-04,202,avg_commitments,25271407151048.33,30.860694720426096,831.547627864826,141.36309673702044,20
1404-04,205,avg_commitments,26476229774980.25,30.90726845676145,835.7378380243265,142.0754324641355,19
1404-04,206,avg_commitments,82971336267.91667,25.141761038939663,317.0187130892582,53.8931812251739,187
1404-04,207,avg_commitments,7951398617841.167,29.70436895589409,727.5137163197909,123.67733177436446,45
1404-04,209,avg_commitments,367784900169.25,26.63076409381561,450.9833940232216,76.66717698394767,148
1404-04,210,avg_commitments,4133771555770.917,29.050211315809264,668.6595593403889,113.67212508786612,62
1404-04,211,avg_commitments,13746535559295.916,30.251807948970185,776.7664628457941,132.050298683785,30
1404-04,212,avg_commitments,5742269884696.0,29.37887569838581,698.2292899074582,118.6989792842679,52
1404-04,213,avg_commitments,13562783900877.0,30.23835067979377,775.5557206881082,131.8444725169784,31
1404-04,214,avg_commitments,68156230795372.66,31.852823697556893,920.8088563300287,156.53750557610488,5
1404-04,215,avg_commitments,21243968507330.668,30.687094136061113,815.9288910071357,138.70791147121307,22
1404-04,216,avg_commitments,4209669734822.6665,29.068405312760298,670.2964619568592,113.95039853266607,60
1404-04,217,avg_commitments,3653015717565.6665,28.926574166378664,657.5360017218756,111.78112029271885,68
1404-04,219,avg_commitments,13459312094590.25,30.23069233145361,774.8667038398817,131.7273396527799,32
1404-04,221,avg_commitments,1112331110621.1667,27.737479028785696,550.5538500156517,93.5941545026608,109
1404-04,1001,avg_commitments,2581000826662.9165,28.579198356953203,626.2828156914841,106.4680786675523,77
1404-04,1002,avg_commitments,289950463128.25,26.39297592854039,429.58974033886346,73.03025585760679,156
1404-04,1003,avg_commitments,2743674064442.9165,28.640319037557813,631.7818054006391,107.40290691810866,75
1404-04,1004,avg_commitments,416047618043.5833,26.754065557110216,462.07675016836987,78.55304752862288,143
1404-04,1006,avg_commitments,700772248297.75,27.275448775754167,508.9852748360905,86.5274967221354,127
1404-04,1008,avg_commitments,1681200329304.0833,28.15052913595237,587.7157118634995,99.91167101679491,92
1404-04,1021,avg_commitments,11303787565913.084,30.056158968309884,759.1640454542487,129.0578877272223,37
1404-04,1031,avg_commitments,203893436200.75,26.040863322747022,397.91038767839154,67.64476590532657,172
1404-04,1041,avg_commitments,205425518190.91663,26.048349363296282,398.58390210158655,67.75926335726972,170
1404-04,1101,avg_commitments,1021756038401.75,27.65254386923656,542.9122864125312,92.29508869013031,112
1404-04,1102,avg_commitments,135944520579.5,25.63551270254548,361.4412438953334,61.44501146220668,179
1404-04,1121,avg_commitments,36688847783.75,24.325738670752617,243.6016869581316,41.412286782882376,201
1404-04,1131,avg_commitments,154599171350.91666,25.764101613136575,373.01030839293253,63.411752426798536,175
1404-04,1141,avg_commitments,463441438878.3333,26.861945868510155,471.7826748462433,80.20305472386137,137
1404-04,1202,avg_commitments,317593978381.4167,26.484039606386556,437.78268293047626,74.42305609818096,155
1404-04,1301,avg_commitments,1338209630488.5,27.92235373986877,567.1869130586726,96.42177521997435,103
1404-04,1302,avg_commitments,7500519027081.333,29.645993337687333,722.2616981712838,122.78448868911825,46
1404-04,1303,avg_commitments,2106887093105.6667,28.376232662749374,608.0221181223835,103.3637600808052,84
1404-04,1304,avg_commitments,6528899766011.75,29.507259555895846,709.7799059065883,120.66258400412002,50
1404-04,1308,avg_commitments,4030687195849.417,29.024957997412386,666.3875339536825,113.28588077212602,64
1404-04,1309,avg_commitments,10279368856152.084,29.96115997875495,750.617045310024,127.60489770270408,39
1404-04,1310,avg_commitments,388362019529.1667,26.685203781584608,455.88129895245356,77.49982082191711,146
1404-04,1321,avg_commitments,63841584762.083336,24.87967061376299,293.4386001609036,49.88456202735362,190
1404-04,1331,avg_commitments,67716532404.083336,24.93859618801379,298.74009751345045,50.78581657728658,189
1404-04,1351,avg_commitments,1396580301656.75,27.96504772276063,571.0280642082148,97.07477091539653,102
1404-04,1361,avg_commitments,25815916511.416668,23.97425705774355,211.97910432693791,36.03644773557945,211
1404-04,1371,avg_commitments,147032787862.41666,25.713921445543843,368.4956298509646,62.64425707466398,176
1404-04,1381,avg_commitments,52775811144.5,24.68931880044425,276.31276562823325,46.973170156799654,194
1404-04,1391,avg_commitments,22400475985.08333,23.832348044960362,199.21163850012178,33.8659785450207,212
1404-04,1401,avg_commitments,1103554792450.4167,27.729557714742114,549.841174306256,93.47299963206352,110
1404-04,1501,avg_commitments,93044074661.58331,25.256339138937577,327.32723365137286,55.64562972073339,183
1404-04,1502,avg_commitments,129704308056.91669,25.588523143275523,357.21362240442136,60.726315808751636,180
1404-04,1521,avg_commitments,4678759331.636364,22.26629881186676,58.315160718388235,9.913577322126,222
1404-04,1531,avg_commitments,11410754535.75,23.157822128059884,138.52496029395115,23.5492432499717,219
1404-04,1601,avg_commitments,3972153989404.0,29.010329630092365,665.0714288226726,113.06214289985435,65
1404-04,1602,avg_commitments,908926484014.0834,27.535530052182303,532.3846258981981,90.50538640269369,118
1404-04,1604,avg_commitments,1121974284896.5833,27.746111003780296,551.3304634498517,93.72617878647479,108
1404-04,1621,avg_commitments,85043102738.41667,25.166424055961468,319.23762942752603,54.27039700267943,185
1404-04,1631,avg_commitments,947385704024.0834,27.576972137629458,536.1131446114313,91.13923458394332,117
1404-04,1701,avg_commitments,1193933365751.9167,27.808274321764536,556.9232585971049,94.67695396150783,107
1404-04,1801,avg_commitments,1013802204356.6666,27.64472893733391,542.2091818383459,92.1755609125188,113
1404-04,1802,avg_commitments,1578558384556.1667,28.0875331316264,582.0480004427552,98.94816007526839,96
1404-04,1803,avg_commitments,1220110519706.8333,27.829962560495147,558.8745359783376,95.0086711163174,106
1404-04,1804,avg_commitments,37032263025169.41,31.242810622277855,865.9263584548914,147.20748093733155,15
1404-04,1805,avg_commitments,4430031926872.917,29.119427906928905,674.8869330951404,114.73077862617387,59
1404-04,1807,avg_commitments,394663868140.3333,26.701300272839003,457.329490282881,77.74601334808978,145
1404-04,1808,avg_commitments,332859578614.4167,26.53098655215279,442.0064705108997,75.14109998685295,153
1404-04,1821,avg_commitments,108308254967.83331,25.408247211214107,340.994308656477,57.969032471601096,181
1404-04,1831,avg_commitments,207133134181.0833,26.05662758377275,399.3286884612919,67.88587703841962,169
1404-04,1841,avg_commitments,175015811895.25,25.888142160481134,384.17015947146007,65.30892711014822,174
1404-04,1901,avg_commitments,20887899117593.25,30.670191117631322,814.4081369271809,138.44938327762077,24
1404-04,1902,avg_commitments,12767180323921.334,30.177898956887454,770.1169166879865,130.91987583695771,34
1404-04,1904,avg_commitments,807730367060.9166,27.417494135644603,521.7650077275435,88.70005131368241,119
1404-04,1905,avg_commitments,2330918292200.9165,28.47728342268738,617.1135922929031,104.90931068979354,82
1404-04,1906,avg_commitments,6967236621652.667,29.57223979460543,715.6261376636262,121.65644340281646,48
1404-04,1921,avg_commitments,22190390944.666668,23.822925191836962,198.36387025140647,33.7218579427391,213
1404-04,1931,avg_commitments,2474358357.083333,21.629246950096906,1.0,0.17,223
1404-04,1951,avg_commitments,32926916729.08333,24.217556297918026,233.86858600040895,39.757659620069525,205
1404-04,2001,avg_commitments,261264720805.75,26.288799986223612,420.2170954488737,71.43690622630854,160
1404-04,2021,avg_commitments,737934897858.25,27.327121443372917,513.6342326793161,87.31781955548375,124
1404-04,2101,avg_commitments,340661788043.3333,26.55415599813021,444.0910111890518,75.49547190213882,152
1404-04,2121,avg_commitments,468499456064.5833,26.872800777611584,472.7592842827238,80.36907832806305,135
1404-04,2201,avg_commitments,647850172689.0,27.196925291579813,501.9205656880513,85.32649616696872,130
1404-04,2301,avg_commitments,4197360004786.6665,29.065476873296095,670.0329920753356,113.90560865280706,61
1404-04,2302,avg_commitments,40262340120.333336,24.41868238068826,251.96377487029142,42.83384172794955,200
1404-04,2303,avg_commitments,19259877982.83333,23.681289908085176,185.62103165569917,31.555575381468863,215
1404-04,2304,avg_commitments,1991844575264.4167,28.320082247581734,602.970300110587,102.5049510187998,85
1404-04,2305,avg_commitments,1305148264800.6667,27.897337763124593,564.9362411531915,96.03916099604257,105
1404-04,2306,avg_commitments,36598269118.333336,24.323266784413946,243.37929287802493,41.37447978926424,202
1404-04,2307,avg_commitments,40383774343.91666,24.42169391611472,252.2347208439789,42.87990254347641,199
1404-04,2308,avg_commitments,9854579485433.166,29.918957385448724,746.8201041765988,126.9594177100218,40
1404-04,2309,avg_commitments,1000805576142.0834,27.631826367769325,541.0483456605505,91.97821876229358,114
1404-04,2310,avg_commitments,1336946476069.5833,27.921409380390312,567.1019496223627,96.40733143580167,104
1404-04,2314,avg_commitments,237356939585.5833,26.192830919294217,411.58281804519316,69.96907906768284,165
1404-04,2315,avg_commitments,990944769503.6666,27.621924637639218,540.1574931446808,91.82677383459574,115
1404-04,2331,avg_commitments,28570090573.33333,24.075626223444246,221.09922526635881,37.586868295281,207
1404-04,2341,avg_commitments,17012870011.0,23.557235954107025,174.45997439066608,29.658195646413237,216
1404-04,2351,avg_commitments,11767356934.25,23.188595173549352,141.29359210223603,24.019910657380127,218
1404-04,2361,avg_commitments,1653817907098.5833,28.134107614026615,586.2382777252482,99.66050721329219,93
1404-04,2371,avg_commitments,26713053152.75,24.008418165051587,215.0525579547771,36.558934852312106,209
1404-04,2401,avg_commitments,470479944003.0833,26.877019168079407,473.13881025563984,80.43359774345878,134
1404-04,2402,avg_commitments,754433219101.75,27.34923260110154,515.6235598203826,87.65600516946506,123
1404-04,2404,avg_commitments,205294996640.75,26.047713789713534,398.52671994071443,67.74954238992146,171
1404-04,2421,avg_commitments,89889521743.41667,25.221847217063864,324.22401684232744,55.11808286319567,184
1404-04,2501,avg_commitments,356479247093.0,26.599541862186268,448.1743492166482,76.18963936683019,150
1404-04,2502,avg_commitments,320396860204.75,26.492826252485077,438.573212027924,74.55744604474708,154
1404-04,2601,avg_commitments,1791016688472.25,28.21380455692756,593.4085622267979,100.87945557855565,90
1404-04,2621,avg_commitments,16976443110.583334,23.555092520714854,174.26713101835398,29.62541227312018,217
1404-04,2631,avg_commitments,274260859399.91663,26.337345532039485,424.58470808384595,72.17940037425382,158
1404-04,2641,avg_commitments,33062807484.0,24.221674846635104,234.23912927296135,39.82065197640343,204
1404-04,2701,avg_commitments,4730554106793.083,29.18506345888494,680.7921229783454,115.73466090631874,58
1404-04,2702,avg_commitments,1923403450219.25,28.285117363036353,599.8245311434406,101.97017029438491,87
1404-04,2703,avg_commitments,774127683244.5834,27.37500266236441,517.9420762421079,88.05015296115835,121
1404-04,2704,avg_commitments,7022373930756.917,29.580122443575405,716.3353347003408,121.77700689905795,47
1404-04,2721,avg_commitments,2556112983204.833,28.56950885459908,625.4110571769339,106.31987972007877,78
1404-04,2731,avg_commitments,63138229688.66666,24.868592281825517,292.4418895104962,49.715121216784354,191
1404-04,2741,avg_commitments,53311594086.833336,24.699419669563117,277.22153455535766,47.12766087441081,193
1404-04,2801,avg_commitments,277528684340.25,26.349190131786397,425.65035937360625,72.36056109351307,157
1404-04,2802,avg_commitments,1486281541987.3333,28.02729850725831,576.6287286634097,98.02688387277965,99
1404-04,2901,avg_commitments,405942623690.25,26.729477665603884,459.86459282611435,78.17698078043945,144
1404-04,3001,avg_commitments,240777027926.66663,26.207137146858823,412.86994046229313,70.18788987858984,163
1404-04,3021,avg_commitments,84260107090.33333,25.157174364459365,318.4054404224337,54.12892487181373,186
1404-04,3031,avg_commitments,45325248656.583336,24.5371300796745,262.62044085233396,44.645474944896776,197
1404-04,3101,avg_commitments,80533932692.08333,25.111944456692267,314.33613368538556,53.437142726515546,188
1404-04,3102,avg_commitments,1431936855618.1667,27.990049088256768,573.277421548776,97.45716166329193,101
1404-04,3105,avg_commitments,43875108796.833336,24.504612998452064,259.6948992313126,44.14813286932315,198
1404-04,3141,avg_commitments,26026535729.0,23.982382459504706,212.71014168164916,36.16072408588036,210
1404-04,3201,avg_commitments,1974637443049.1667,28.311405924290867,602.1896966876895,102.37224843690723,86
1404-04,3221,avg_commitments,32709327555.5,24.210926120550752,233.27207305664172,39.6562524196291,206
1404-04,3301,avg_commitments,1644192259504.8333,28.128270351896298,585.713102873353,99.57122748847002,94
1404-04,3302,avg_commitments,4752377457599.833,29.1896661261477,681.2062220960615,115.80505775633047,57
1404-04,3321,avg_commitments,1681903576664.4167,28.150947349240006,587.7533382534901,99.91806750309333,91
1404-04,3325,avg_commitments,143096500156.33334,25.68678506588851,366.05418661125793,62.229211723913856,177
1404-04,3331,avg_commitments,735321958467.0834,27.323574278980377,513.3150964999036,87.26356640498362,125
1404-04,3341,avg_commitments,57878096174.66666,24.78160484555757,284.61568384440386,48.38466625354866,192
1404-04,3351,avg_commitments,1610610958997.4167,28.10763470058026,583.8565261286882,99.255609441877,95
1404-04,3361,avg_commitments,10885354621.833334,23.110684110140667,134.28398207048238,22.828276951982005,220
1404-04,3371,avg_commitments,27972773968.0,24.05449751582466,219.19828855200092,37.26370905384016,208
1404-04,3401,avg_commitments,1506874412565.0833,28.04105869604591,577.8667243105547,98.23734313279431,98
1404-04,3402,avg_commitments,141107334661.08334,25.67278667646751,364.7947602009273,62.01510923415765,178
1404-04,3421,avg_commitments,1445065775536.9167,27.99917595586037,574.0985601639314,97.59675522786836,100
1404-04,3501,avg_commitments,464007188604.3333,26.863165881736563,471.8924386792159,80.2217145754667,136
1404-04,3521,avg_commitments,454320732072.9167,26.842069243876143,469.99438726119104,79.89904583440249,138
1404-04,3601,avg_commitments,3548893029258.1665,28.897656848045155,654.93432853435,111.33883585083952,69
1404-04,3701,avg_commitments,103795446238.25,25.365687936188404,337.16527709006834,57.31809710531162,182
1404-04,3702,avg_commitments,779409116739.5834,27.38180192690935,518.5538018543327,88.15414631523657,120
1404-04,3731,avg_commitments,3044913160759.833,28.744493498050193,641.1543169718071,108.99623388520722,72
1404-04,3801,avg_commitments,587092654737.5834,27.098448488847474,493.0606688502078,83.82031370453532,133
1404-04,3901,avg_commitments,686989778138.6666,27.255585250076503,507.19816575601305,86.22368817852222,128
1404-04,4001,avg_commitments,1809077886364.1667,28.2238383763431,594.3112987337179,101.03292078473204,89
1404-04,4021,avg_commitments,703018447703.8334,27.278648969813677,509.2731943099325,86.57644303268853,126
1404-04,101,commitment_count,401.0,5.996452088619021,839.0206983958966,8.390206983958967,8
1404-04,102,commitment_count,600.5833333333334,6.399565068351161,902.7200380839129,9.02720038083913,5
1404-04,103,commitment_count,251.0,5.529429087511423,765.2223880327889,7.652223880327889,23
1404-04,104,commitment_count,168.0,5.1298987149230735,702.0891668298996,7.0208916682989955,36
1404-04,105,commitment_count,159.75,5.079850363117729,694.1805974640797,6.941805974640797,41
1404-04,106,commitment_count,24.25,3.228826155721369,401.68438502252087,4.016843850225209,159
1404-04,107,commitment_count,12.583333333333334,2.608843551018762,303.71561566199483,3.0371561566199485,193
1404-04,108,commitment_count,92.83333333333331,4.541520158911635,609.1144242914149,6.091144242914149,71
1404-04,109,commitment_count,7.75,2.169053700369523,234.2206489991433,2.3422064899914328,209
1404-04,110,commitment_count,848.0,6.744059186311348,957.1565086114828,9.571565086114829,3
1404-04,111,commitment_count,238.66666666666663,5.479249069052937,757.293012889716,7.57293012889716,27
1404-04,112,commitment_count,99.83333333333331,4.613468988802786,620.4836760541269,6.204836760541269,65
1404-04,114,commitment_count,884.0833333333334,6.7856818025335395,963.7336552248294,9.637336552248295,2
1404-04,115,commitment_count,157.25,5.064176061024286,691.703766541676,6.9170376654167605,42
1404-04,116,commitment_count,59.41666666666666,4.101265005066674,539.5459310794012,5.395459310794012,107
1404-04,117,commitment_count,717.9166666666666,6.577745449288578,930.8758484441114,9.308758484441114,4
1404-04,118,commitment_count,33.0,3.5263605246161616,448.70034279615214,4.487003427961522,145
1404-04,119,commitment_count,40.083333333333336,3.71560252425469,478.6040944099654,4.786040944099654,134
1404-04,120,commitment_count,86.08333333333333,4.466865514610911,597.3176035843273,5.973176035843274,74
1404-04,121,commitment_count,100.08333333333331,4.6159452591560495,620.8749727732172,6.208749727732172,64
1404-04,122,commitment_count,22.916666666666668,3.174575565971621,393.11178399379526,3.9311178399379525,162
1404-04,123,commitment_count,292.3333333333333,5.681309618804143,789.2223335598219,7.892223335598219,18
1404-04,124,commitment_count,57.833333333333336,4.074708587705242,535.3495237805673,5.3534952378056735,108
1404-04,125,commitment_count,16.0,2.833213344056216,339.1702112245579,3.3917021122455786,181
1404-04,126,commitment_count,64.91666666666667,4.1883913179796535,553.3135071214726,5.533135071214726,101
1404-04,127,commitment_count,282.4166666666667,5.646918135219195,783.7878402405838,7.837878402405838,20
1404-04,128,commitment_count,4.166666666666667,1.6422277352570913,150.97235932496145,1.5097235932496145,220
1404-04,129,commitment_count,70.83333333333333,4.274348620875693,566.8963578634131,5.668963578634131,95
1404-04,130,commitment_count,135.66666666666666,4.917544871030244,668.5333144602398,6.6853331446023985,47
1404-04,132,commitment_count,7.666666666666667,2.1594842493533726,232.70849796071568,2.327084979607157,211
1404-04,133,commitment_count,26.75,3.3232358401924436,416.60286907867186,4.166028690786718,153
1404-04,134,commitment_count,85.25,4.457250055911469,595.7981824772253,5.957981824772253,76
1404-04,135,commitment_count,100.33333333333331,4.618415412738112,621.2653029288225,6.212653029288226,63
1404-04,136,commitment_count,440.0833333333333,6.089233822069987,853.6819359473723,8.536819359473723,7
1404-04,140,commitment_count,35.166666666666664,3.5881378843124043,458.46231330609345,4.584623133060934,142
1404-04,141,commitment_count,93.16666666666669,4.545066261918386,609.6747744447288,6.0967477444472875,69
1404-04,142,commitment_count,354.9166666666667,5.874696621053467,819.781072590533,8.19781072590533,13
1404-04,143,commitment_count,110.08333333333331,4.710280670390708,635.7817202781926,6.357817202781925,59
1404-04,145,commitment_count,7.333333333333333,2.120263536200091,226.5108966539624,2.265108966539624,213
1404-04,146,commitment_count,86.41666666666667,4.470685958608297,597.9213047107716,5.979213047107716,73
1404-04,147,commitment_count,1112.4166666666667,7.015188644800894,1000.0,10.0,1
1404-04,148,commitment_count,11.333333333333334,2.512305623976115,288.4608297417978,2.884608297417978,200
1404-04,149,commitment_count,15.916666666666666,2.828299329253787,338.3937055949453,3.383937055949453,182
1404-04,150,commitment_count,63.833333333333336,4.171819874390391,550.6949111759523,5.506949111759523,102
1404-04,151,commitment_count,103.41666666666669,4.6483893051080685,626.001734767645,6.26001734767645,62
1404-04,152,commitment_count,239.66666666666663,5.483412850224717,757.9509676681109,7.579509676681109,26
1404-04,153,commitment_count,61.41666666666666,4.133832333729219,544.6921740323946,5.446921740323947,104
1404-04,154,commitment_count,19.33333333333333,3.0122615755052013,367.4631580882039,3.674631580882039,167
1404-04,155,commitment_count,248.25,5.518456408841947,763.4885009564688,7.634885009564688,24
1404-04,156,commitment_count,391.9166666666667,5.973597545279557,835.4092559646399,8.3540925596464,9
1404-04,157,commitment_count,46.333333333333336,3.8572147689331513,500.98145989134923,5.009814598913493,125
1404-04,159,commitment_count,7.416666666666667,2.1302138670532593,228.08323378248969,2.2808323378248967,212
1404-04,160,commitment_count,6.083333333333333,1.957744606702316,200.82988657413205,2.0082988657413203,215
1404-04,161,commitment_count,331.5,5.806639860095909,809.0268400248085,8.090268400248085,15
1404-04,162,commitment_count,206.0,5.332718793265369,734.1385071276511,7.341385071276512,32
1404-04,163,commitment_count,55.66666666666666,4.037186148382152,529.4202812889148,5.294202812889148,111
1404-04,164,commitment_count,276.3333333333333,5.625220152153099,780.3591558186869,7.803591558186869,22
1404-04,167,commitment_count,226.66666666666663,5.42788257090268,749.1761519133433,7.4917615191334335,28
1404-04,168,commitment_count,74.25,4.3208159036289855,574.2390517911748,5.7423905179117485,90
1404-04,169,commitment_count,6.166666666666667,1.9694406464655074,202.67807814160557,2.026780781416056,214
1404-04,170,commitment_count,225.41666666666663,5.422376959638347,748.3061630522803,7.483061630522804,29
1404-04,171,commitment_count,141.25,4.95758607300644,674.8605682437648,6.748605682437648,45
1404-04,172,commitment_count,46.833333333333336,3.867722746531566,502.6419155653895,5.026419155653896,124
1404-04,173,commitment_count,84.25,4.445588116163626,593.9553793456748,5.939553793456748,78
1404-04,174,commitment_count,76.66666666666667,4.352426164897591,579.2340603158663,5.792340603158663,86
1404-04,175,commitment_count,83.75,4.43970574626056,593.0258556204031,5.9302585562040315,79
1404-04,176,commitment_count,105.33333333333331,4.666578814116734,628.8760151092781,6.288760151092781,61
1404-04,177,commitment_count,16.416666666666668,2.8574276021768106,342.99651385153345,3.4299651385153345,178
1404-04,178,commitment_count,37.16666666666666,3.6419625343261846,466.96760794357846,4.669676079435785,140
1404-04,179,commitment_count,59.5,4.102643365036796,539.7637375613643,5.397637375613644,106
1404-04,180,commitment_count,17.833333333333332,2.9356283494842854,355.35368471193476,3.553536847119348,174
1404-04,181,commitment_count,278.5,5.633002292595154,781.5888785823838,7.815888785823838,21
1404-04,184,commitment_count,134.33333333333334,4.907740870933623,666.9841003097282,6.669841003097282,50
1404-04,187,commitment_count,35.833333333333336,3.606403232289698,461.3485776136793,4.613485776136793,141
1404-04,188,commitment_count,339.75,5.831149070576642,812.8997506042068,8.128997506042069,14
1404-04,190,commitment_count,28.166666666666668,3.373026504695459,424.4707190635002,4.244707190635002,150
1404-04,201,commitment_count,118.41666666666669,4.782618778040172,647.2124851585824,6.472124851585824,56
1404-04,202,commitment_count,384.0,5.953243334287785,832.1929124946082,8.321929124946083,10
1404-04,205,commitment_count,113.25,4.738389029774314,640.2233632479596,6.402233632479596,58
1404-04,206,commitment_count,16.583333333333332,2.8669514836880663,344.50146406161355,3.4450146406161357,177
1404-04,207,commitment_count,313.0833333333333,5.749658343479135,800.0227018168996,8.000227018168996,16
1404-04,209,commitment_count,51.75,3.965563772356176,518.1026153016447,5.181026153016448,116
1404-04,210,commitment_count,82.91666666666667,4.429824242930562,591.4643945191901,5.9146439451919015,80
1404-04,211,commitment_count,28.5,3.3843902633457743,426.26640404213833,4.262664040421384,149
1404-04,212,commitment_count,52.583333333333336,3.981238074449619,520.5794462240484,5.205794462240484,115
1404-04,213,commitment_count,79.58333333333333,4.389291845665294,585.0595227547396,5.850595227547396,85
1404-04,214,commitment_count,141.33333333333334,4.958171724560515,674.953112069336,6.74953112069336,44
1404-04,215,commitment_count,161.66666666666666,5.0917031171850375,696.0535528029867,6.960535528029867,40
1404-04,216,commitment_count,51.5,3.960813169597578,517.3519318107689,5.173519318107688,117
1404-04,217,commitment_count,107.41666666666669,4.685981828724505,631.9420518796475,6.319420518796475,60
1404-04,219,commitment_count,63.583333333333336,4.1679563795653465,550.084407218955,5.50084407218955,103
1404-04,221,commitment_count,76.66666666666667,4.352426164897591,579.2340603158663,5.792340603158663,87
1404-04,1001,commitment_count,123.91666666666669,4.827646848314598,654.3277567775028,6.543277567775029,55
1404-04,1002,commitment_count,73.08333333333333,4.305190585725904,571.7699612808592,5.717699612808592,91
1404-04,1003,commitment_count,128.0,4.859812404361672,659.4105121932623,6.594105121932623,53
1404-04,1004,commitment_count,56.16666666666666,4.045970977937885,530.8084475601764,5.308084475601764,109
1404-04,1006,commitment_count,98.0,4.59511985013459,617.5841712607447,6.175841712607447,68
1404-04,1008,commitment_count,167.0,5.123963979403259,701.1513683643517,7.011513683643517,37
1404-04,1021,commitment_count,382.5833333333333,5.949556894029241,831.6103864483753,8.316103864483752,11
1404-04,1031,commitment_count,38.66666666666666,3.6805112044434196,473.0590139656586,4.730590139656586,137
1404-04,1041,commitment_count,17.333333333333332,2.908720896564361,351.1018072734448,3.511018072734448,176
1404-04,1101,commitment_count,24.25,3.228826155721369,401.68438502252087,4.016843850225209,160
1404-04,1102,commitment_count,80.5,4.400603020246817,586.8468984736203,5.868468984736203,83
1404-04,1121,commitment_count,8.25,2.224623551524334,243.0017178386406,2.430017178386406,207
1404-04,1131,commitment_count,38.0,3.6635616461296463,470.3806688691839,4.70380668869184,138
1404-04,1141,commitment_count,70.58333333333333,4.270862272196255,566.3454500039094,5.6634545000390935,97
1404-04,1202,commitment_count,26.08333333333333,3.298918532541737,412.7602827115208,4.127602827115208,156
1404-04,1301,commitment_count,67.33333333333333,4.2243976904702984,559.0031828886456,5.590031828886456,100
1404-04,1302,commitment_count,186.41666666666663,5.233334302171315,718.4339112048717,7.1843391120487174,35
1404-04,1303,commitment_count,85.33333333333333,4.458215773031428,595.9507837229298,5.959507837229299,75
1404-04,1304,commitment_count,139.16666666666666,4.942832190744893,672.5291807540348,6.725291807540348,46
1404-04,1308,commitment_count,68.08333333333333,4.235313505347294,560.7280844293583,5.607280844293583,99
1404-04,1309,commitment_count,98.33333333333331,4.598481197837295,618.1153266437005,6.181153266437006,67
1404-04,1310,commitment_count,13.333333333333334,2.662587827025453,312.2082097131998,3.122082097131998,191
1404-04,1321,commitment_count,11.5,2.5257286443082556,290.5819163223994,2.9058191632239945,198
1404-04,1331,commitment_count,15.0,2.772588722239781,329.59039471478263,3.2959039471478264,187
1404-04,1351,commitment_count,75.5,4.33729074083249,576.842382133026,5.76842382133026,88
1404-04,1361,commitment_count,4.666666666666667,1.7346010553881064,165.5690599845266,1.655690599845266,219
1404-04,1371,commitment_count,12.5,2.6026896854443837,302.7431905769053,3.027431905769053,195
1404-04,1381,commitment_count,16.25,2.847812143477369,341.47709274443133,3.414770927444313,179
1404-04,1391,commitment_count,17.833333333333332,2.9356283494842854,355.35368471193476,3.553536847119348,172
1404-04,1401,commitment_count,93.0,4.543294782270004,609.3948477503621,6.093948477503622,70
1404-04,1501,commitment_count,12.166666666666666,2.5776883832389665,298.7925203631011,2.9879252036310113,196
1404-04,1502,commitment_count,14.416666666666666,2.7354491752903245,323.72165633140327,3.237216563314033,190
1404-04,1521,commitment_count,1.0,0.6931471805599453,1.0,0.01,223
1404-04,1531,commitment_count,3.583333333333333,1.5224265354444706,132.04154413025637,1.3204154413025637,222
1404-04,1601,commitment_count,80.25,4.3975308212098465,586.361433951552,5.863614339515521,84
1404-04,1602,commitment_count,164.66666666666666,5.109977737428519,698.941282300887,6.98941282300887,38
1404-04,1604,commitment_count,44.75,3.82319179172153,495.6051974250779,4.956051974250779,128
1404-04,1621,commitment_count,23.83333333333333,3.212186836717404,399.05506350051206,3.9905506350051207,161
1404-04,1631,commitment_count,16.0,2.833213344056216,339.1702112245579,3.3917021122455786,180
1404-04,1701,commitment_count,56.083333333333336,4.044512188474225,530.5779317240435,5.305779317240435,110
1404-04,1801,commitment_count,241.33333333333331,5.490314188865409,759.0415073839683,7.590415073839684,25
1404-04,1802,commitment_count,214.41666666666663,5.372574137154529,740.4363918806184,7.404363918806184,30
1404-04,1803,commitment_count,70.41666666666667,4.268531268809779,565.9771081642899,5.6597710816429,98
1404-04,1804,commitment_count,370.3333333333333,5.91710013181912,826.4816150489291,8.264816150489292,12
1404-04,1805,commitment_count,72.75,4.300680995219929,571.0573622033381,5.710573622033381,93
1404-04,1807,commitment_count,20.33333333333333,3.060270794691562,375.04950661793987,3.7504950661793988,166
1404-04,1808,commitment_count,54.91666666666666,4.023862487183681,527.3148952972919,5.273148952972918,113
1404-04,1821,commitment_count,17.833333333333332,2.9356283494842854,355.35368471193476,3.553536847119348,173
1404-04,1831,commitment_count,13.25,2.6567569067146595,311.28681597931956,3.1128681597931958,192
1404-04,1841,commitment_count,33.166666666666664,3.531250509910353,449.47305131705133,4.494730513170514,144
1404-04,1901,commitment_count,81.08333333333333,4.407734991384088,587.973882408546,5.879738824085461,82
1404-04,1902,commitment_count,45.0,3.828641396489095,496.46633621918284,4.964663362191828,126
1404-04,1904,commitment_count,15.416666666666666,2.798297078949988,333.65279267575215,3.3365279267575216,185
1404-04,1905,commitment_count,26.166666666666668,3.3019907315787074,413.24574723358904,4.132457472335891,155
1404-04,1906,commitment_count,47.0,3.871201010907891,503.19154595481393,5.03191545954814,123
1404-04,1921,commitment_count,9.5,2.3513752571634776,263.03084207797485,2.6303084207797487,204
1404-04,1931,commitment_count,10.0,2.3978952727983707,270.38186878068217,2.7038186878068218,203
1404-04,1951,commitment_count,5.75,1.9095425048844386,193.21305900531112,1.9321305900531114,217
1404-04,2001,commitment_count,42.833333333333336,3.7803945629497098,488.84244020735355,4.888424402073536,129
1404-04,2021,commitment_count,11.416666666666666,2.519039656157459,289.52493192891785,2.8952493192891784,199
1404-04,2101,commitment_count,39.083333333333336,3.6909606203177607,474.7102157993562,4.747102157993562,135
1404-04,2121,commitment_count,44.833333333333336,3.8250116284385163,495.8927654346445,4.958927654346446,127
1404-04,2201,commitment_count,209.08333333333331,5.34750427739992,736.4748883004041,7.364748883004041,31
1404-04,2301,commitment_count,149.33333333333334,5.012855050834569,683.594093508128,6.835940935081281,43
1404-04,2302,commitment_count,9.25,2.327277705584417,259.2229812526944,2.592229812526944,205
1404-04,2303,commitment_count,12.583333333333334,2.608843551018762,303.71561566199483,3.0371561566199485,194
1404-04,2304,commitment_count,133.75,4.903421209789107,666.3015135997579,6.663015135997579,51
1404-04,2305,commitment_count,135.16666666666666,4.913879625631948,667.9541375956766,6.679541375956766,48
1404-04,2306,commitment_count,15.666666666666666,2.8134107167600364,336.0410282255566,3.360410282255566,184
1404-04,2307,commitment_count,17.916666666666668,2.9400433676934026,356.05133960962183,3.5605133960962183,171
1404-04,2308,commitment_count,85.25,4.457250055911469,595.7981824772253,5.957981824772253,77
1404-04,2309,commitment_count,19.0,2.995732273553991,364.85122130438816,3.648512213043882,168
1404-04,2310,commitment_count,47.75,3.886705197443856,505.64149545878934,5.056414954587893,120
1404-04,2314,commitment_count,22.08333333333333,3.139110856399338,387.5077010305456,3.875077010305456,163
1404-04,2315,commitment_count,15.75,2.8183982582710754,336.82915244108267,3.368291524410827,183
1404-04,2331,commitment_count,12.083333333333334,2.571339155560308,297.7892244361672,2.9778922443616724,197
1404-04,2341,commitment_count,4.0,1.6094379124341003,145.79095816119968,1.457909581611997,221
1404-04,2351,commitment_count,17.5,2.917770732084279,352.53184941023477,3.525318494102348,175
1404-04,2361,commitment_count,41.41666666666666,3.747541366762522,483.6510248747208,4.836510248747208,133
1404-04,2371,commitment_count,5.25,1.8325814637483102,181.05178475080518,1.810517847508052,218
1404-04,2401,commitment_count,47.25,3.876395827784995,504.01242352886675,5.040124235288667,121
1404-04,2402,commitment_count,50.75,3.9464244321454784,515.0782439844626,5.150782439844626,119
1404-04,2404,commitment_count,54.5,4.0163830207523885,526.133000650266,5.26133000650266,114
1404-04,2421,commitment_count,29.166666666666668,3.4067375620377707,429.7976923956836,4.297976923956837,147
1404-04,2501,commitment_count,47.083333333333336,3.8729356167200994,503.46564589803603,5.03465645898036,122
1404-04,2502,commitment_count,28.666666666666668,3.39002408106403,427.15665190469537,4.271566519046954,148
1404-04,2601,commitment_count,164.25,5.107459478731796,698.5433506434855,6.985433506434855,39
1404-04,2621,commitment_count,26.5,3.3141860046725258,415.1728269418819,4.151728269418819,154
1404-04,2631,commitment_count,7.75,2.169053700369523,234.2206489991433,2.3422064899914328,210
1404-04,2641,commitment_count,14.75,2.7568403652716422,327.1018617464119,3.2710186174641187,188
1404-04,2701,commitment_count,91.75,4.529907701487544,607.2794402862824,6.072794402862824,72
1404-04,2702,commitment_count,131.5,4.886582645426277,663.6407076095386,6.636407076095386,52
1404-04,2703,commitment_count,125.83333333333331,4.842873888633631,656.7339120304786,6.567339120304786,54
1404-04,2704,commitment_count,115.83333333333331,4.760748417806535,643.7565619418518,6.4375656194185185,57
1404-04,2721,commitment_count,70.91666666666667,4.275508041295428,567.0795678290336,5.670795678290337,94
1404-04,2731,commitment_count,33.75,3.548179572010801,452.1481576310493,4.521481576310493,143
1404-04,2741,commitment_count,37.833333333333336,3.6592789843376456,469.703928744272,4.69703928744272,139
1404-04,2801,commitment_count,70.83333333333333,4.274348620875693,566.8963578634131,5.668963578634131,96
1404-04,2802,commitment_count,134.83333333333334,4.911428644012807,667.566836966383,6.67566836966383,49
1404-04,2901,commitment_count,30.166666666666668,3.439349147626532,434.95092876520874,4.349509287652087,146
1404-04,3001,commitment_count,204.75,5.326661839557179,733.1813959178137,7.331813959178137,33
1404-04,3021,commitment_count,22.08333333333333,3.139110856399338,387.5077010305456,3.875077010305456,164
1404-04,3031,commitment_count,15.25,2.7880929087757464,332.04034421875815,3.3204034421875814,186
1404-04,3101,commitment_count,22.0,3.1354942159291497,386.93620464758857,3.8693620464758856,165
1404-04,3102,commitment_count,39.0,3.6888794541139363,474.3813528759824,4.743813528759824,136
1404-04,3105,commitment_count,8.833333333333334,2.2857779746776643,252.66525280210706,2.5266525280210708,206
1404-04,3141,commitment_count,5.916666666666667,1.9339339580085977,197.06736173471603,1.9706736173471604,216
1404-04,3201,commitment_count,55.41666666666666,4.032764623124274,528.7215981566379,5.287215981566379,112
1404-04,3221,commitment_count,14.5,2.740840023925201,324.57351056499266,3.245735105649927,189
1404-04,3301,commitment_count,189.66666666666663,5.250526702711688,721.1506298845862,7.211506298845863,34
1404-04,3302,commitment_count,493.9166666666667,6.2043893982278595,871.8786562998741,8.718786562998742,6
1404-04,3321,commitment_count,312.5833333333333,5.748065140805437,799.7709461964996,7.997709461964996,17
1404-04,3325,commitment_count,50.75,3.9464244321454784,515.0782439844626,5.150782439844626,118
1404-04,3331,commitment_count,75.25,4.334017415487521,576.3251359178406,5.7632513591784065,89
1404-04,3341,commitment_count,18.166666666666668,2.953172659135195,358.12601156875706,3.5812601156875705,170
1404-04,3351,commitment_count,73.08333333333333,4.305190585725904,571.7699612808592,5.717699612808592,92
1404-04,3361,commitment_count,10.25,2.4203681286504293,273.9329974980738,2.739329974980738,201
1404-04,3371,commitment_count,10.083333333333334,2.4054424784337534,271.5744674803891,2.715744674803891,202
1404-04,3401,commitment_count,26.916666666666668,3.3292238820370663,417.5490909338454,4.175490909338454,152
1404-04,3402,commitment_count,7.833333333333333,2.1785324443240666,235.7184666367133,2.3571846663671328,208
1404-04,3421,commitment_count,42.66666666666666,3.7765850345330416,488.24046394544865,4.882404639454487,130
1404-04,3501,commitment_count,60.833333333333336,4.1244425933793805,543.2084206178454,5.432084206178454,105
1404-04,3521,commitment_count,27.416666666666668,3.3469758274955166,420.3542281056436,4.203542281056436,151
1404-04,3601,commitment_count,287.1666666666667,5.6635390164552355,786.4142482527302,7.864142482527302,19
1404-04,3701,commitment_count,24.916666666666668,3.254886262391234,405.8023660118027,4.058023660118027,157
1404-04,3702,commitment_count,24.916666666666668,3.254886262391234,405.8023660118027,4.058023660118027,158
1404-04,3731,commitment_count,41.66666666666666,3.7534179752515073,484.57963818953414,4.845796381895341,132
1404-04,3801,commitment_count,82.75,4.427836170705175,591.1502421738766,5.911502421738766,81
1404-04,3901,commitment_count,99.41666666666669,4.609328196136755,619.8293538867126,6.1982935388671265,66
1404-04,4001,commitment_count,41.833333333333336,3.7573166156671647,485.1956958027705,4.8519569580277055,131
1404-04,4021,commitment_count,18.25,2.9575110607337933,358.8115596186257,3.5881155961862574,169
1404-04,101,transaction_volume,181485.0,12.108933794725761,750.7954558520433,11.261931837780649,39
1404-04,102,transaction_volume,257150.0,12.457418739976369,857.8312546008794,12.867468819013192,6
1404-04,103,transaction_volume,127420.0,11.755251843701211,642.1634169450673,9.63245125417601,123
1404-04,104,transaction_volume,129994.0,11.775251267159595,648.3061622589139,9.724592433883709,108
1404-04,105,transaction_volume,99099.0,11.50388472031808,564.9569803480368,8.474354705220552,177
1404-04,106,transaction_volume,144687.0,11.88233497898026,681.1965088403783,10.217947632605675,88
1404-04,107,transaction_volume,164084.0,12.008139865222,719.8369915037184,10.797554872555775,57
1404-04,108,transaction_volume,137950.0,11.83465382862242,666.551428519492,9.99827142779238,100
1404-04,109,transaction_volume,128843.0,11.766357649222137,645.5745220182768,9.683617830274152,118
1404-04,110,transaction_volume,157288.0,11.965840156531218,706.8448001098978,10.602672001648468,68
1404-04,111,transaction_volume,220495.0,12.303634833114925,810.5971243178798,12.158956864768196,15
1404-04,112,transaction_volume,146268.0,11.893202671185856,684.5344783327072,10.268017174990607,83
1404-04,114,transaction_volume,240429.0,12.390184265870625,837.1804467612725,12.557706701419088,10
1404-04,115,transaction_volume,252382.0,12.438703053973562,852.0828042653786,12.78124206398068,7
1404-04,116,transaction_volume,183065.0,12.117602022540614,753.457868391077,11.301868025866154,36
1404-04,117,transaction_volume,238449.0,12.38191492372637,834.6405504082143,12.519608256123213,11
1404-04,118,transaction_volume,103671.0,11.54898734811525,578.8100774695491,8.682151162043237,168
1404-04,119,transaction_volume,165083.0,12.014209714248995,721.701322080243,10.825519831203644,52
1404-04,120,transaction_volume,15799.0,9.667765219015058,1.0,0.015,223
1404-04,121,transaction_volume,176134.0,12.079006025445816,741.603257642889,11.124048864643335,43
1404-04,122,transaction_volume,210836.0,12.258840602068824,796.8387500618229,11.952581250927343,19
1404-04,123,transaction_volume,159476.0,11.979654990182167,711.0879726617229,10.666319589925843,62
1404-04,124,transaction_volume,86525.0,11.368200225790126,523.2820143342608,7.849230215013912,195
1404-04,125,transaction_volume,123470.0,11.723761589662384,632.4913076049472,9.487369614074208,126
1404-04,126,transaction_volume,134001.0,11.8056100041948,657.6307305418632,9.864460958127948,103
1404-04,127,transaction_volume,129636.0,11.772493515981864,647.4591296852495,9.711886945278742,114
1404-04,128,transaction_volume,119369.0,11.689983192089084,622.1164038566263,9.331746057849395,135
1404-04,129,transaction_volume,157075.0,11.964485043636367,706.4285824423285,10.596428736634929,69
1404-04,130,transaction_volume,182553.0,12.114801298648707,752.5976369149953,11.288964553724929,37
1404-04,132,transaction_volume,128822.0,11.766194648138981,645.5244568680594,9.68286685302089,119
1404-04,133,transaction_volume,215278.0,12.279690140276658,803.2426048223637,12.048639072335455,16
1404-04,134,transaction_volume,169227.0,12.039002197096758,729.3162369875967,10.93974355481395,49
1404-04,135,transaction_volume,121837.0,11.710447572463863,628.4019588832267,9.4260293832484,129
1404-04,136,transaction_volume,128351.0,11.76253176856978,644.399417621017,9.665991264315256,120
1404-04,140,transaction_volume,99557.0,11.508495667890843,566.3732150036967,8.495598225055451,175
1404-04,141,transaction_volume,181612.0,12.109633328490265,751.0103149334925,11.265154724002388,38
1404-04,142,transaction_volume,180871.0,12.105544877756152,749.7545631544414,11.24631844731662,41
1404-04,143,transaction_volume,150150.0,11.919396733395958,692.5798829028206,10.388698243542308,77
1404-04,145,transaction_volume,92994.0,11.440301007249227,545.4274895952948,8.181412343929422,186
1404-04,146,transaction_volume,153779.0,11.943278288586171,699.9150099147225,10.498725148720837,73
1404-04,147,transaction_volume,408516.0,12.920288808083361,1000.0,15.0,1
1404-04,148,transaction_volume,75132.0,11.22701515535263,479.91756777310275,7.198763516596541,209
1404-04,149,transaction_volume,89109.0,11.397626840606765,532.3202848945809,7.984804273418714,190
1404-04,150,transaction_volume,145614.0,11.888721431416345,683.1580829255261,10.24737124388289,84
1404-04,151,transaction_volume,93974.0,11.450784068432379,548.6473211615182,8.229709817422773,183
1404-04,152,transaction_volume,136633.0,11.825061097051254,663.6050582389494,9.954075873584241,101
1404-04,153,transaction_volume,197172.0,12.191836794941008,776.2587906894565,11.643881860341848,26
1404-04,154,transaction_volume,143515.0,11.874201806224184,678.698436386537,10.180476545798054,89
1404-04,155,transaction_volume,195997.0,12.18585973407896,774.4229596377605,11.616344394566408,27
1404-04,156,transaction_volume,154199.0,11.946005740111366,700.7527360676786,10.511291041015179,72
1404-04,157,transaction_volume,246955.0,12.416965462089896,845.4061872641158,12.681092808961736,8
1404-04,159,transaction_volume,164559.0,12.01103052432684,720.7248462314873,10.810872693472309,55
1404-04,160,transaction_volume,114571.0,11.648958725312072,609.51589806845,9.14273847102675,143
1404-04,161,transaction_volume,118701.0,11.684371429655476,620.3927727998013,9.30589159199702,137
1404-04,162,transaction_volume,170206.0,12.04477062236028,731.0879864247496,10.966319796371243,47
1404-04,163,transaction_volume,95036.0,11.4620215684417,552.0988756858404,8.281483135287607,180
1404-04,164,transaction_volume,129816.0,11.773881045400401,647.8853039622869,9.718279559434304,111
1404-04,167,transaction_volume,164973.0,12.013543164708778,721.4965939752988,10.82244890962948,53
1404-04,168,transaction_volume,104998.0,11.561706105284784,582.7165943830834,8.74074891574625,166
1404-04,169,transaction_volume,159165.0,11.977702961744365,710.4884147012768,10.657326220519153,63
1404-04,170,transaction_volume,181380.0,12.108355070273383,750.6177028820514,11.25926554323077,40
1404-04,171,transaction_volume,119581.0,11.691757607499914,622.6614086650088,9.339921129975131,134
1404-04,172,transaction_volume,133523.0,11.802036515945701,656.5331474919359,9.847997212379038,104
1404-04,173,transaction_volume,148610.0,11.909087432752248,689.4134212120641,10.341201318180962,80
1404-04,174,transaction_volume,171297.0,12.051160008820819,733.050461684124,10.99575692526186,46
1404-04,175,transaction_volume,206788.0,12.239454228712331,790.8843007080261,11.863264510620391,22
1404-04,176,transaction_volume,165096.0,12.014288458937555,721.7255082057906,10.825882623086859,51
1404-04,177,transaction_volume,206744.0,12.23924142879665,790.8189400396268,11.862284100594401,23
1404-04,178,transaction_volume,101619.0,11.528995645147722,572.6697034745116,8.590045552117674,170
1404-04,179,transaction_volume,142803.0,11.869228339699797,677.1708554415251,10.157562831622876,91
1404-04,180,transaction_volume,184384.0,12.124781241893569,755.6629377586618,11.334944066379926,35
1404-04,181,transaction_volume,154991.0,11.951128781666165,702.3262584029036,10.534893876043553,71
1404-04,184,transaction_volume,145541.0,11.888219983733276,683.0040652153795,10.245060978230692,85
1404-04,187,transaction_volume,94478.0,11.456132866564595,550.2901837535201,8.2543527563028,181
1404-04,188,transaction_volume,148123.0,11.905805039793892,688.405246951186,10.32607870426779,81
1404-04,190,transaction_volume,101118.0,11.52405332009128,571.1516875105445,8.567275312658168,172
1404-04,201,transaction_volume,158432.0,11.97308706999742,709.0706614617013,10.636059921925519,67
1404-04,202,transaction_volume,121657.0,11.708969108482625,627.9478544080982,9.419217816121472,130
1404-04,205,transaction_volume,164604.0,12.011303943434461,720.8088258494774,10.812132387742162,54
1404-04,206,transaction_volume,189491.0,12.152102086254644,764.0544290943271,11.460816436414907,31
1404-04,207,transaction_volume,221973.0,12.310315536878555,812.6490765565344,12.189736148348015,13
1404-04,209,transaction_volume,112802.0,11.633398213437117,604.7365472236701,9.07104820835505,146
1404-04,210,transaction_volume,136486.0,11.823984650976477,663.274432003888,9.94911648005832,102
1404-04,211,transaction_volume,162657.0,11.99940511605929,717.1541471908051,10.757312207862077,60
1404-04,212,transaction_volume,84508.0,11.344613316549337,516.0373866824447,7.740560800236669,197
1404-04,213,transaction_volume,164004.0,12.00765219414647,719.6872052251215,10.795308078376822,58
1404-04,214,transaction_volume,400915.0,12.901507208036254,994.2313044215507,14.91346956632326,2
1404-04,215,transaction_volume,93515.0,11.445887823631562,547.1434585692667,8.207151878539001,184
1404-04,216,transaction_volume,100323.0,11.516160227480158,568.7273547416715,8.530910321125074,174
1404-04,217,transaction_volume,99306.0,11.505971341002896,565.5978777949107,8.48396816692366,176
1404-04,219,transaction_volume,103128.0,11.543735910763539,577.1971188635018,8.657956782952526,169
1404-04,221,transaction_volume,105147.0,11.563124160502975,583.1521445410386,8.747282168115579,165
1404-04,1001,transaction_volume,209913.0,12.254453202012305,795.4911771583722,11.932367657375583,20
1404-04,1002,transaction_volume,142367.0,11.866170533605768,676.2316621645872,10.143474932468807,92
1404-04,1003,transaction_volume,110802.0,11.615509128741051,599.2419842721716,8.988629764082575,151
1404-04,1004,transaction_volume,105921.0,11.570458253167796,585.404782645427,8.781071739681405,164
1404-04,1006,transaction_volume,170186.0,12.0446531114757,731.0518934125143,10.965778401187714,48
1404-04,1008,transaction_volume,187476.0,12.141411450201765,760.7708417122954,11.41156262568443,33
1404-04,1021,transaction_volume,152086.0,11.932208004509139,696.5148151151751,10.447722226727626,76
1404-04,1031,transaction_volume,139788.0,11.847889421852063,670.616689623471,10.059250344352064,96
1404-04,1041,transaction_volume,112295.0,11.628893521214161,603.3529484864134,9.0502942272962,147
1404-04,1101,transaction_volume,129788.0,11.77366533389829,647.8190490114132,9.717285735171197,112
1404-04,1102,transaction_volume,120438.0,11.698898679671796,624.854761273945,9.372821419109174,133
1404-04,1121,transaction_volume,107780.0,11.587856669603658,590.7486387446858,8.861229581170287,159
1404-04,1131,transaction_volume,152594.0,11.935542631895958,697.5390329780765,10.463085494671148,75
1404-04,1141,transaction_volume,148960.0,11.911439805699962,690.1359434353201,10.352039151529802,79
1404-04,1202,transaction_volume,202449.0,12.218248221460307,784.3709578637269,11.765564367955902,24
1404-04,1301,transaction_volume,138610.0,11.839426727668064,668.0174059416463,10.020261089124695,97
1404-04,1302,transaction_volume,129953.0,11.77493582066555,648.209274092258,9.72313911138387,110
1404-04,1303,transaction_volume,158738.0,11.9750166230156,709.663316184219,10.644949742763284,65
1404-04,1304,transaction_volume,145467.0,11.887711410133777,682.8478588076515,10.242717882114773,86
1404-04,1308,transaction_volume,75114.0,11.226775551496525,479.84397437840653,7.1976596156760975,210
1404-04,1309,transaction_volume,73761.0,11.208598972830334,474.2611087695129,7.1139166315426925,212
1404-04,1310,transaction_volume,87888.0,11.383829933635276,528.0826184527932,7.921239276791898,191
1404-04,1321,transaction_volume,111771.0,11.6242163611088,601.9163769082826,9.028745653624238,149
1404-04,1331,transaction_volume,62548.0,11.043705528557028,423.6147271774829,6.354220907662243,216
1404-04,1351,transaction_volume,106415.0,11.575111220524203,586.8339235145887,8.80250885271883,163
1404-04,1361,transaction_volume,54526.0,10.906451270818945,381.45761448468204,5.72186421727023,220
1404-04,1371,transaction_volume,86765.0,11.370970118842846,524.1327762377157,7.861991643565735,194
1404-04,1381,transaction_volume,112829.0,11.633637540132492,604.8100554895235,9.072150832342853,145
1404-04,1391,transaction_volume,119061.0,11.687399644819275,621.3228773373371,9.319843160060056,136
1404-04,1401,transaction_volume,75419.0,11.230827770812349,481.08859781791483,7.216328967268722,208
1404-04,1501,transaction_volume,56488.0,10.941801207914436,392.31521049938505,5.884728157490775,219
1404-04,1502,transaction_volume,48471.0,10.788741590624825,345.3035429479988,5.179553144219981,221
1404-04,1521,transaction_volume,76602.0,11.246391519452636,485.86894282260744,7.288034142339111,204
1404-04,1531,transaction_volume,94239.0,11.453599998885414,549.5122232738464,8.242683349107695,182
1404-04,1601,transaction_volume,211973.0,12.26421890462363,798.4906748227409,11.977360122341112,18
1404-04,1602,transaction_volume,290997.0,12.581071673277778,895.8107732685652,13.437161599028478,5
1404-04,1604,transaction_volume,197351.0,12.192744215318841,776.5375013375523,11.648062520063284,25
1404-04,1621,transaction_volume,226433.0,12.330208790714222,818.7592122827211,12.281388184240816,12
1404-04,1631,transaction_volume,221442.0,12.307920499007533,811.9134499676321,12.178701749514481,14
1404-04,1701,transaction_volume,82722.0,11.323252956009192,509.4766348246181,7.642149522369271,201
1404-04,1801,transaction_volume,142310.0,11.865770082566094,676.1086651815741,10.14162997772361,93
1404-04,1802,transaction_volume,162552.0,11.998759381421479,716.9558123023693,10.754337184535538,61
1404-04,1803,transaction_volume,188124.0,12.144861914485277,761.8306384285479,11.427459576428218,32
1404-04,1804,transaction_volume,123976.0,11.727851343511945,633.7474596308522,9.506211894462782,125
1404-04,1805,transaction_volume,129702.0,11.773002500337729,647.6154622552015,9.714231933828021,113
1404-04,1807,transaction_volume,129191.0,11.769054948908902,646.402987151054,9.69604480726581,115
1404-04,1808,transaction_volume,213171.0,12.269854630566462,800.2216661784411,12.003324992676616,17
1404-04,1821,transaction_volume,100708.0,11.519990449092345,569.9037924478991,8.548556886718487,173
1404-04,1831,transaction_volume,120875.0,11.702520505730682,625.9671910945889,9.389507866418834,131
1404-04,1841,transaction_volume,107936.0,11.58930300256794,591.1928743026302,8.867893114539454,156
1404-04,1901,transaction_volume,114018.0,11.644120380155954,608.0298191274065,9.120447286911098,144
1404-04,1902,transaction_volume,194516.0,12.178274841820137,772.0932894112227,11.581399341168341,28
1404-04,1904,transaction_volume,31707.0,10.364324293957047,214.94541709269492,3.2241812563904237,222
1404-04,1905,transaction_volume,107352.0,11.583877748887568,589.5265286856738,8.842897930285107,160
1404-04,1906,transaction_volume,101266.0,11.52551587210952,571.6009046879792,8.574013570319687,171
1404-04,1921,transaction_volume,74088.0,11.213022352221492,475.61973258599147,7.134295988789872,211
1404-04,1931,transaction_volume,71507.0,11.17756461053498,464.72902480945766,6.970935372141865,213
1404-04,1951,transaction_volume,68574.0,11.135683315805805,451.8653476404228,6.777980214606342,215
1404-04,2001,transaction_volume,131132.0,11.783967354323712,650.9832746113713,9.764749119170569,107
1404-04,2021,transaction_volume,83804.0,11.33624795056136,513.4679969783771,7.702019954675656,198
1404-04,2101,transaction_volume,116217.0,11.663223016738984,613.8971198321843,9.208456797482764,140
1404-04,2121,transaction_volume,76038.0,11.239001645542718,483.59917172522904,7.253987575878435,206
1404-04,2201,transaction_volume,104837.0,11.560171580567093,582.2452710702793,8.733679066054188,167
1404-04,2301,transaction_volume,163598.0,12.005173590662665,718.9259117825025,10.783888676737536,59
1404-04,2302,transaction_volume,115845.0,11.660017001858309,612.9124048015051,9.193686072022576,141
1404-04,2303,transaction_volume,117112.0,11.670894559649412,616.2534044701422,9.243801067052132,138
1404-04,2304,transaction_volume,240547.0,12.39067493281326,837.331153208826,12.559967298132388,9
1404-04,2305,transaction_volume,146794.0,11.896792334636995,685.6370295331783,10.284555442997673,82
1404-04,2306,transaction_volume,158842.0,11.975671571997076,709.8644812225582,10.647967218338373,64
1404-04,2307,transaction_volume,186034.0,12.13369010703621,758.3992611192092,11.375988916788138,34
1404-04,2308,transaction_volume,138385.0,11.837802160979722,667.5184265869359,10.012776398804037,98
1404-04,2309,transaction_volume,128956.0,11.767234294442572,645.8437801961908,9.687656702942862,116
1404-04,2310,transaction_volume,85168.0,11.352392796842762,518.4268238687737,7.776402358031605,196
1404-04,2314,transaction_volume,128227.0,11.761565208357341,644.1025424021959,9.661538136032938,121
1404-04,2315,transaction_volume,121867.0,11.710693770753208,628.4775777325049,9.427163665987573,128
1404-04,2331,transaction_volume,110676.0,11.614371328365458,598.8925133016802,8.983387699525203,152
1404-04,2341,transaction_volume,92567.0,11.435698788556174,544.0139359811681,8.16020903971752,187
1404-04,2351,transaction_volume,144978.0,11.884344183327977,681.8136281597017,10.227204422395525,87
1404-04,2361,transaction_volume,171606.0,12.052962257744799,733.6040154480711,11.004060231721066,45
1404-04,2371,transaction_volume,76158.0,11.240578539126943,484.0835084709903,7.261252627064854,205
1404-04,2401,transaction_volume,132002.0,11.790579928582975,653.0143011371146,9.795214517056719,106
1404-04,2402,transaction_volume,176978.0,12.083786360449405,743.0715189906734,11.1460727848601,42
1404-04,2404,transaction_volume,138109.0,11.835805748071975,666.9052361087661,10.00357854163149,99
1404-04,2421,transaction_volume,123415.0,11.723316041691776,632.3544592745819,9.485316889118728,127
1404-04,2501,transaction_volume,175627.0,12.076123400774788,740.7178706602904,11.110768059904355,44
1404-04,2502,transaction_volume,327330.0,12.698727170333514,931.9482026645345,13.979223039968018,3
1404-04,2601,transaction_volume,141492.0,11.860005524877087,674.3381036549265,10.115071554823897,95
1404-04,2621,transaction_volume,81195.0,11.304621263852658,503.7539828730886,7.556309743096329,203
1404-04,2631,transaction_volume,129965.0,11.775028156769032,648.2376347681615,9.723564521522421,109
1404-04,2641,transaction_volume,115774.0,11.659403931348953,612.7241025733813,9.19086153860072,142
1404-04,2701,transaction_volume,112105.0,11.62720013126752,602.832830334963,9.042492455024444,148
1404-04,2702,transaction_volume,109694.0,11.605459066373161,596.1551466119417,8.942327199179125,154
1404-04,2703,transaction_volume,96311.0,11.475348200614862,556.1920990480733,8.342881485721099,179
1404-04,2704,transaction_volume,109898.0,11.60731704116924,596.7258163612779,8.950887245419167,153
1404-04,2721,transaction_volume,155292.0,11.953068934070687,702.9221686858087,10.543832530287132,70
1404-04,2731,transaction_volume,83174.0,11.328702100886677,511.15031853006553,7.6672547779509825,200
1404-04,2741,transaction_volume,69579.0,11.150232448705934,456.33405735741894,6.845010860361284,214
1404-04,2801,transaction_volume,141697.0,11.861453311253122,674.7827856226515,10.121741784339774,94
1404-04,2802,transaction_volume,75688.0,11.234388118431024,482.18214477419554,7.232732171612933,207
1404-04,2901,transaction_volume,89412.0,11.401021364460279,533.3628997248185,8.000443495872277,189
1404-04,3001,transaction_volume,132855.0,11.797021113886588,654.9926862101503,9.824890293152254,105
1404-04,3021,transaction_volume,99069.0,11.503581949967076,564.8639856095298,8.472959784142946,178
1404-04,3031,transaction_volume,116552.0,11.666101384158374,614.7811992164615,9.22171798824692,139
1404-04,3101,transaction_volume,143393.0,11.873351365268114,678.4372267467455,10.176558401201182,90
1404-04,3102,transaction_volume,168963.0,12.037440953462227,728.8367070631591,10.932550605947386,50
1404-04,3105,transaction_volume,128870.0,11.766567183010226,645.6388795082592,9.684583192623887,117
1404-04,3141,transaction_volume,125213.0,11.737779552482886,636.7968704930222,9.551953057395332,124
1404-04,3201,transaction_volume,111710.0,11.623670458274894,601.7487049710504,9.026230574565757,150
1404-04,3221,transaction_volume,107856.0,11.58856155467166,590.9651414582404,8.864477121873605,157
1404-04,3301,transaction_volume,190987.0,12.159965877829924,766.4697621637348,11.497046432456022,30
1404-04,3302,transaction_volume,164180.0,12.008724756759575,720.016638669999,10.800249580049984,56
1404-04,3321,transaction_volume,193771.0,12.17443748915656,770.9146614302304,11.563719921453455,29
1404-04,3325,transaction_volume,92338.0,11.433221866459347,543.2531589700353,8.14879738455053,188
1404-04,3331,transaction_volume,295089.0,12.595035673538831,900.0997617658901,13.501496426488352,4
1404-04,3341,transaction_volume,149906.0,11.917770380798913,692.0803550131819,10.381205325197728,78
1404-04,3351,transaction_volume,120634.0,11.700524736759547,625.3541983990509,9.380312975985763,132
1404-04,3361,transaction_volume,93432.0,11.44499988087227,546.8707303961295,8.203060955941941,185
1404-04,3371,transaction_volume,109204.0,11.60098212879051,594.7800726047617,8.921701089071425,155
1404-04,3401,transaction_volume,127883.0,11.758878882008956,643.2774476877236,9.649161715315854,122
1404-04,3402,transaction_volume,87573.0,11.380239429216592,526.9798089524039,7.904697134286058,193
1404-04,3421,transaction_volume,158455.0,11.9732322312371,709.1152471732169,10.636728707598252,66
1404-04,3501,transaction_volume,83441.0,11.331907058706665,512.1347088886566,7.6820206333298495,199
1404-04,3521,transaction_volume,81765.0,11.311616788263537,505.9026310519847,7.58853946577977,202
1404-04,3601,transaction_volume,209764.0,12.253743135479263,795.2730829779355,11.929096244669031,21
1404-04,3701,transaction_volume,153400.0,11.94081068679887,699.1570956004958,10.487356434007436,74
1404-04,3702,transaction_volume,107189.0,11.582358239685565,589.0598173302503,8.835897259953754,161
1404-04,3731,transaction_volume,107807.0,11.58810714620628,590.8255716612863,8.862383574919294,158
1404-04,3801,transaction_volume,87618.0,11.380753148383336,527.1375958011455,7.907063937017182,192
1404-04,3901,transaction_volume,106687.0,11.577663966110466,587.6179894162927,8.814269841244391,162
1404-04,4001,transaction_volume,60703.0,11.013764872734741,414.4185709168506,6.216278563752759,217
1404-04,4021,transaction_volume,57622.0,10.961677072538292,398.4200051966373,5.976300077949559,218
1404-04,101,profit_loss,10765429399129.0,30.455300473857914,977.0741976898406,29.312225930695217,4
1404-04,102,profit_loss,14016278358235.0,30.63172339929716,982.7284471217258,29.481853413651773,3
1404-04,103,profit_loss,-5689428057655.0,26.699467496784862,856.7019930911565,25.701059792734693,222
1404-04,104,profit_loss,1452637742913.0,29.650713582165686,951.2876681675209,28.538630045025627,51
1404-04,105,profit_loss,3962061437580.0,29.93813898986522,960.4994808848774,28.81498442654632,13
1404-04,106,profit_loss,1447626472292.0,29.6500483840642,951.2663489655065,28.537990468965194,54
1404-04,107,profit_loss,1774546466530.0,29.692542512177322,952.6282604015846,28.578847812047538,44
1404-04,108,profit_loss,902181992219.0,29.574865024632327,948.8567671818663,28.46570301545599,70
1404-04,109,profit_loss,1187645074535.0,29.614916920752687,950.1404065406438,28.504212196219314,61
1404-04,110,profit_loss,5635848070304.0,30.09225111696522,965.4386825500367,28.9631604765011,6
1404-04,111,profit_loss,3620277750769.0,29.903522911035328,959.3900562249546,28.781701686748637,15
1404-04,112,profit_loss,1838148431757.0,29.70060393086045,952.8866240575311,28.58659872172593,40
1404-04,114,profit_loss,765873688823.0,29.555159243347443,948.2252086564791,28.44675625969437,84
1404-04,115,profit_loss,1300521603490.0,29.630321832581892,950.634124767692,28.51902374303076,57
1404-04,116,profit_loss,1928750805650.0,29.711976519067417,953.2511087198743,28.59753326159623,38
1404-04,117,profit_loss,3036144339865.0,29.841437584998314,957.4002585918001,28.722007757754003,22
1404-04,118,profit_loss,779276099233.0,29.557114103886178,948.28786076965,28.4486358230895,82
1404-04,119,profit_loss,1262100686244.0,29.625104904991662,950.4669253530478,28.514007760591433,58
1404-04,120,profit_loss,294337334529.0,29.483829680367144,945.9391387483091,28.378174162449273,123
1404-04,121,profit_loss,1074904973621.0,29.599290038711622,949.6395743008267,28.4891872290248,67
1404-04,122,profit_loss,1121500196235.0,29.60577822640825,949.8475168429101,28.4954255052873,65
1404-04,123,profit_loss,4391626678112.0,29.980012193752714,961.84149207023,28.855244762106896,10
1404-04,124,profit_loss,2229411804405.0,29.748815333328203,954.4317707233342,28.632953121700027,29
1404-04,125,profit_loss,347010601854.0,29.492054728577784,946.202746632922,28.386082398987657,114
1404-04,126,profit_loss,1080929691365.0,29.60013132861441,949.6665371399421,28.489996114198263,66
1404-04,127,profit_loss,2025747563914.0,29.724010078208458,953.6367771060401,28.6091033131812,37
1404-04,128,profit_loss,373263932154.0,29.496129119830073,946.3333284400549,28.389999853201644,111
1404-04,129,profit_loss,1013399897567.0,29.59066074786375,949.3630106810325,28.480890320430973,68
1404-04,130,profit_loss,1686139936160.0,29.68122811150682,952.265640615046,28.567969218451378,48
1404-04,132,profit_loss,422396661890.0,29.503709964181812,946.576289975594,28.39728869926782,101
1404-04,133,profit_loss,2324333688201.0,29.760169418950085,954.7956623888718,28.643869871666155,28
1404-04,134,profit_loss,1691935557480.0,29.68197377775733,952.2895387731953,28.56868616319586,47
1404-04,135,profit_loss,478512836427.0,29.51229858233636,946.8515500598497,28.40554650179549,95
1404-04,136,profit_loss,1555244171902.0,29.66423721437133,951.7210925058,28.551632775174,49
1404-04,140,profit_loss,210824798864.0,29.470648746097375,945.5166976742763,28.36550093022829,137
1404-04,141,profit_loss,814194052264.0,29.56218932168656,948.4505184701334,28.453515554104,80
1404-04,142,profit_loss,1789983556422.0,29.694505112308303,952.6911605640662,28.580734816921986,43
1404-04,143,profit_loss,969633274158.0,29.584474533138504,949.1647461923973,28.474942385771918,69
1404-04,145,profit_loss,340957000378.0,29.491112878664133,946.172560905495,28.385176827164848,115
1404-04,146,profit_loss,1128040658023.0,29.606685598146687,949.8765975654057,28.49629792696217,64
1404-04,147,profit_loss,28369983927100.0,31.1706274434804,1000.0,30.0,1
1404-04,148,profit_loss,241314605752.0,29.475481167238918,945.671573886799,28.37014721660397,129
1404-04,149,profit_loss,437508107745.0,29.50603004807491,946.6506472792256,28.399519418376766,99
1404-04,150,profit_loss,1240540671803.0,29.62216544468035,950.372717404994,28.51118152214982,59
1404-04,151,profit_loss,322012504120.0,29.488159653228728,946.0779117934319,28.382337353802956,121
1404-04,152,profit_loss,3198664307135.0,29.859101772868016,957.9663852671079,28.738991558013236,20
1404-04,153,profit_loss,2149559723285.0,29.7391629580739,954.1224178591184,28.62367253577355,30
1404-04,154,profit_loss,384007756693.0,29.49779173489212,946.386614260175,28.39159842780525,109
1404-04,155,profit_loss,1192456602164.0,29.615578442807085,950.1616079275437,28.504848237826312,60
1404-04,156,profit_loss,2122727783768.0,29.73589853555788,954.0177950664133,28.6205338519924,32
1404-04,157,profit_loss,2125301538697.0,29.73621212573174,954.0278454442652,28.620835363327952,31
1404-04,159,profit_loss,293720468408.0,29.483732953440885,945.9360387080707,28.378081161242118,124
1404-04,160,profit_loss,259597840708.0,29.478367771504583,945.7640878301461,28.37292263490438,126
1404-04,161,profit_loss,1732595141373.0,29.68718947578775,952.4566987811817,28.57370096343545,46
1404-04,162,profit_loss,5418866281706.0,30.07356252714137,964.8397244036895,28.945191732110683,8
1404-04,163,profit_loss,785316462191.0,29.557993896721086,948.3160576047527,28.44948172814258,81
1404-04,164,profit_loss,3218315330208.0,29.861216638174916,958.034165437572,28.74102496312716,19
1404-04,167,profit_loss,6160419100978.0,30.13603985155801,966.8420853508792,29.005262560526376,5
1404-04,168,profit_loss,3315718731679.0,29.871633778096996,958.3680285528085,28.751040856584254,17
1404-04,169,profit_loss,419296604881.0,29.503233341462092,946.5610145019815,28.396830435059446,102
1404-04,170,profit_loss,4288483889449.0,29.97011682492442,961.5243514070402,28.845730542211204,11
1404-04,171,profit_loss,861035516486.0,29.568957382809216,948.6674307884304,28.46002292365291,72
1404-04,172,profit_loss,4040686650587.0,29.94593548095325,960.7493537695686,28.82248061308706,12
1404-04,173,profit_loss,3827738378865.0,29.924677227613085,960.0680394416704,28.80204118325011,14
1404-04,174,profit_loss,2764397215726.0,29.811186167218494,956.4307187127317,28.69292156138195,23
1404-04,175,profit_loss,835522859724.0,29.565276774110917,948.5494694770557,28.456484084311672,75
1404-04,176,profit_loss,-1814554095120.0,29.08235742518818,933.0721926577622,27.992165779732865,218
1404-04,177,profit_loss,2370317556286.0,29.765623771496465,954.9704711316125,28.649114133948373,26
1404-04,178,profit_loss,3043689316182.0,29.842264587097784,957.4267635153494,28.722802905460483,21
1404-04,179,profit_loss,403853567385.0,29.500855639059438,946.484810559518,28.394544316785538,106
1404-04,180,profit_loss,378610408930.0,29.496956836728256,946.359856272476,28.39079568817428,110
1404-04,181,profit_loss,349383061672.0,29.49242360605053,946.2145689356953,28.386437068070858,113
1404-04,184,profit_loss,778995586821.0,29.557073227790944,948.2865507152017,28.44859652145605,83
1404-04,187,profit_loss,712149919130.0,29.547284566335623,947.972829959609,28.43918489878827,88
1404-04,188,profit_loss,3537255598558.0,29.894930332375544,959.1146692088706,28.773440076266116,16
1404-04,190,profit_loss,742919381333.0,29.55180225076504,948.117619048413,28.443528571452386,85
1404-04,201,profit_loss,1336674722972.0,29.635206100412102,950.7906626356329,28.523719879068985,56
1404-04,202,profit_loss,1738669556342.0,29.687966354420105,952.4815972775345,28.574447918326037,45
1404-04,205,profit_loss,2614828279007.0,29.794136940441998,955.8843011733157,28.676529035199472,24
1404-04,206,profit_loss,700007896625.0,29.545496199233483,947.9155138616808,28.437465415850422,89
1404-04,207,profit_loss,2114981575563.0,29.734954132083914,953.9875274989029,28.619625824967084,33
1404-04,209,profit_loss,407459976296.0,29.50141140952289,946.5026226710643,28.395078680131927,105
1404-04,210,profit_loss,-2719353596084.0,28.844156513697854,925.4379956557829,27.763139869673484,221
1404-04,211,profit_loss,819567668955.0,29.562968078524413,948.4754771618514,28.45426431485554,78
1404-04,212,profit_loss,2374734679224.0,29.766146143503484,954.9872128425698,28.649616385277092,25
1404-04,213,profit_loss,3269628081089.0,29.866717978856705,958.2104801219996,28.746314403659987,18
1404-04,214,profit_loss,14869016846637.0,30.673273651008884,984.0601078826546,29.521803236479638,2
1404-04,215,profit_loss,5570997220166.0,30.086702030690265,965.2608376478534,28.957825129435598,7
1404-04,216,profit_loss,409066694371.0,29.501658915533156,946.5105550909267,28.3953166527278,103
1404-04,217,profit_loss,1135476850016.0,29.607716237192744,949.9096289315171,28.49728886794551,63
1404-04,219,profit_loss,1814656842798.0,29.697633983491773,952.7914390174902,28.583743170524706,42
1404-04,221,profit_loss,-6083369257755.0,0.0,1.0,0.03,223
1404-04,1001,profit_loss,2351070338607.0,29.763344391825253,954.897418373991,28.646922551219728,27
1404-04,1002,profit_loss,89110792565.0,29.451121826134763,944.8908715474837,28.34672614642451,165
1404-04,1003,profit_loss,209190432152.0,29.47038904979218,945.5083745627393,28.365251236882177,139
1404-04,1004,profit_loss,24507073983.0,29.440600256147906,944.5536615110182,28.336609845330543,181
1404-04,1006,profit_loss,202006952337.0,29.469246814587112,945.471766606357,28.36415299819071,141
1404-04,1008,profit_loss,407664958561.0,29.501442989313546,946.503634784501,28.395109043535026,104
1404-04,1021,profit_loss,735431474019.0,29.550704726540445,948.0824440522613,28.44247332156784,86
1404-04,1031,profit_loss,34771044838.0,29.44227929414913,944.607473676534,28.33822421029602,179
1404-04,1041,profit_loss,-43859731768.0,29.4293439202714,944.1929026664611,28.325787079993834,200
1404-04,1101,profit_loss,726419154233.0,29.54938216541477,948.040056757782,28.441201702733462,87
1404-04,1102,profit_loss,207192485661.0,29.470071490032723,945.4981969620391,28.36494590886117,140
1404-04,1121,profit_loss,-55097013254.0,29.427481558994465,944.1332150994068,28.323996452982204,203
1404-04,1131,profit_loss,75754875821.0,29.448955697256945,944.8214484101773,28.344643452305316,168
1404-04,1141,profit_loss,97662985908.0,29.45250640316933,944.935246414818,28.34805739244454,162
1404-04,1202,profit_loss,668442425415.0,29.540831982307633,947.7660284938493,28.432980854815476,90
1404-04,1301,profit_loss,5186447733068.0,30.05314920523472,964.1854896237924,28.92556468871377,9
1404-04,1302,profit_loss,400870975160.0,29.500395769226063,946.470072005911,28.39410216017733,107
1404-04,1303,profit_loss,223972122330.0,29.472735369319174,945.5835727027742,28.367507181083223,132
1404-04,1304,profit_loss,213057905005.0,29.47100347143229,945.5280664094814,28.36584199228444,135
1404-04,1308,profit_loss,326271619480.0,29.488824359899446,946.0992152453838,28.38297645736151,120
1404-04,1309,profit_loss,511622102002.0,29.517331591976877,947.0128550140086,28.410385650420256,92
1404-04,1310,profit_loss,-31111101865.0,29.431452567238857,944.2604835428585,28.327814506285755,194
1404-04,1321,profit_loss,57816925023.0,29.446039028806624,944.7279709276609,28.341839127829825,171
1404-04,1331,profit_loss,-1198096004.0,29.43638284713433,944.4184960700209,28.332554882100624,185
1404-04,1351,profit_loss,95410829913.0,29.452141971095518,944.9235665844265,28.347706997532793,163
1404-04,1361,profit_loss,62001696436.0,29.446720223958067,944.7498028255759,28.342494084767274,169
1404-04,1371,profit_loss,-33815543327.0,29.431005619040356,944.2461591199346,28.327384773598038,195
1404-04,1381,profit_loss,139080560953.0,29.459184806665323,945.149285259708,28.35447855779124,154
1404-04,1391,profit_loss,-7638700924.0,29.435323354193596,944.3845399538113,28.331536198614337,187
1404-04,1401,profit_loss,3458537066.0,29.437148174391552,944.4430243516973,28.333290730550917,184
1404-04,1501,profit_loss,249279355448.0,29.47673968687754,945.7119086898524,28.37135726069557,127
1404-04,1502,profit_loss,423484395837.0,29.503877145577288,946.581648039508,28.397449441185238,100
1404-04,1521,profit_loss,-6434922741.0,29.43552146352972,944.3908892397585,28.331726677192755,186
1404-04,1531,profit_loss,119769877344.0,29.456076591959768,945.0496688340688,28.351490065022062,156
1404-04,1601,profit_loss,830043861313.0,29.564484570844165,948.5240798353194,28.45572239505958,77
1404-04,1602,profit_loss,832639496112.0,29.56485994949026,948.5361104968173,28.456083314904518,76
1404-04,1604,profit_loss,242370817758.0,29.475648151683636,945.6769256385587,28.37030776915676,128
1404-04,1621,profit_loss,603159847336.0,29.531116037063967,947.454638249427,28.42363914748281,91
1404-04,1631,profit_loss,1452580707194.0,29.65070601371003,951.2874256030356,28.538622768091066,52
1404-04,1701,profit_loss,-64024764780.0,29.42599948111056,944.0857153880613,28.32257146164184,204
1404-04,1801,profit_loss,387206768174.0,29.49828625076124,946.4024631985432,28.392073895956294,108
1404-04,1802,profit_loss,815483196807.0,29.562376202767666,948.4565078972107,28.45369523691632,79
1404-04,1803,profit_loss,183695441749.0,29.466329210957753,945.3782591519108,28.361347774557323,148
1404-04,1804,profit_loss,2069189507537.0,29.729352952838184,953.8080130481068,28.614240391443204,35
1404-04,1805,profit_loss,846130135181.0,29.566808688849665,948.5985664298452,28.457956992895355,73
1404-04,1807,profit_loss,-97693062495.0,29.420390430220866,943.9059486557758,28.317178459673272,210
1404-04,1808,profit_loss,310091067126.0,29.48629675963869,946.0182071660606,28.380546214981816,122
1404-04,1821,profit_loss,-17196961782.0,29.43374892834811,944.334080545431,28.33002241636293,189
1404-04,1831,profit_loss,1138809117177.0,29.608177737306413,949.9244197346343,28.49773259203903,62
1404-04,1841,profit_loss,-46601058673.0,29.428889918299188,944.178352174301,28.32535056522903,201
1404-04,1901,profit_loss,1507826392625.0,29.658010224624054,951.5215212020524,28.545645636061572,50
1404-04,1902,profit_loss,1923279176362.0,29.711293366738744,953.2292140955976,28.59687642286793,39
1404-04,1904,profit_loss,454051076826.0,29.508563759330542,946.7318512122862,28.401955536368586,98
1404-04,1905,profit_loss,223974502513.0,29.472735746686183,945.5835847971616,28.367507543914847,131
1404-04,1906,profit_loss,269787588149.0,29.47997294638686,945.8155327267976,28.37446598180393,125
1404-04,1921,profit_loss,210126517909.0,29.47053779945585,945.5131419006531,28.36539425701959,138
1404-04,1931,profit_loss,14482254573.0,29.43895761397331,944.5010158100166,28.3350304743005,183
1404-04,1951,profit_loss,37520494303.0,29.442728586208872,944.6218732188114,28.33865619656434,178
1404-04,2001,profit_loss,-42686972782.0,29.42953808258406,944.1991254526627,28.325973763579878,199
1404-04,2021,profit_loss,55961059827.0,29.44573678334161,944.7182841409544,28.34154852422863,173
1404-04,2101,profit_loss,-107656929931.0,29.418724424686243,943.8525541730338,28.315576625191014,211
1404-04,2121,profit_loss,-18773082268.0,29.43348907333586,944.3257523474277,28.329772570422833,190
1404-04,2201,profit_loss,-91636765609.0,29.42140171697916,943.9383597926184,28.31815079377855,209
1404-04,2301,profit_loss,-1981407801931.0,29.042486379099923,931.7943494345421,27.953830483036263,219
1404-04,2302,profit_loss,54065222965.0,29.445427933753265,944.7083856960381,28.341251570881145,175
1404-04,2303,profit_loss,463703509871.0,29.51003915997779,946.7791369221833,28.4033741076655,97
1404-04,2304,profit_loss,867151010856.0,29.56983763149656,948.6956422333315,28.460869266999943,71
1404-04,2305,profit_loss,841863499757.0,29.56619277863032,948.5788268750274,28.457364806250823,74
1404-04,2306,profit_loss,189449569833.0,29.467246943323516,945.4076719263268,28.362230157789803,147
1404-04,2307,profit_loss,191329844752.0,29.46754664800512,945.4172772824417,28.36251831847325,146
1404-04,2308,profit_loss,500192711350.0,29.51559704748897,946.9572638987332,28.408717916961997,93
1404-04,2309,profit_loss,222013547268.0,29.472424798018476,945.5736190780048,28.367208572340143,133
1404-04,2310,profit_loss,87836396184.0,29.450915340581574,944.8842538087805,28.346527614263415,166
1404-04,2314,profit_loss,200259788099.0,29.468968803047826,945.462856502502,28.36388569507506,143
1404-04,2315,profit_loss,195122176426.0,29.46815085006487,945.4366415977345,28.363099247932034,144
1404-04,2331,profit_loss,55436395566.0,29.445651320163392,944.7155450971161,28.341466352913482,174
1404-04,2341,profit_loss,-34086399787.0,29.430960845072473,944.2447241409951,28.327341724229854,196
1404-04,2351,profit_loss,494733525122.0,29.514767488820834,946.9306770386845,28.407920311160535,94
1404-04,2361,profit_loss,214808989996.0,29.4712815404857,945.5369783566297,28.36610935069889,134
1404-04,2371,profit_loss,92463958948.0,29.451664923219024,944.9082774847932,28.347248324543795,164
1404-04,2401,profit_loss,103393812599.0,29.453433136989812,944.9649476804836,28.34894843041451,160
1404-04,2402,profit_loss,338366350143.0,29.49070954100359,946.1596341742761,28.384789025228283,116
1404-04,2404,profit_loss,1836505100913.0,29.70039645782463,952.8799746705993,28.586399240117977,41
1404-04,2421,profit_loss,57463284646.0,29.44598144212075,944.7261253087592,28.341783759262775,172
1404-04,2501,profit_loss,141191432506.0,29.459523983943548,945.1601556889788,28.354804670669363,153
1404-04,2502,profit_loss,1450569864747.0,29.650439144797154,951.2788726137046,28.538366178411138,53
1404-04,2601,profit_loss,44562093367.0,29.443878345811108,944.6587223276308,28.339761669828924,177
1404-04,2621,profit_loss,46682001673.0,29.444224227901902,944.6698076421413,28.34009422926424,176
1404-04,2631,profit_loss,-26842446044.0,29.432157618325196,944.2830800092445,28.328492400277334,192
1404-04,2641,profit_loss,108644429431.0,29.454281462676548,944.992136012274,28.34976408036822,159
1404-04,2701,profit_loss,83148784444.0,29.450155457789414,944.8599000189588,28.345797000568762,167
1404-04,2702,profit_loss,159959065104.0,29.462534541184347,945.2566422511761,28.35769926753528,150
1404-04,2703,profit_loss,19985958877.0,29.439859771407335,944.5299294171689,28.335897882515066,182
1404-04,2704,profit_loss,26525171949.0,29.440930610682095,944.5642491766098,28.336927475298292,180
1404-04,2721,profit_loss,2051159137920.0,29.72713888266046,953.7370534207603,28.612111602622807,36
1404-04,2731,profit_loss,58446476925.0,29.44614153663114,944.7312562422371,28.341937687267112,170
1404-04,2741,profit_loss,-39243696502.0,29.430107934652373,944.2173888712375,28.326521666137126,198
1404-04,2801,profit_loss,109078559937.0,29.45435157157971,944.9943829607638,28.349831488822915,158
1404-04,2802,profit_loss,-47500351404.0,29.42874093796874,944.1735774436548,28.325207323309645,202
1404-04,2901,profit_loss,-188302097080.0,29.405137042673342,943.417086691492,28.30251260074476,214
1404-04,3001,profit_loss,-27939328040.0,29.431976494494847,944.2772750986168,28.328318252958503,193
1404-04,3021,profit_loss,-26722383623.0,29.432177441770992,944.2837153388472,28.328511460165416,191
1404-04,3031,profit_loss,-38105641386.0,29.43029620803867,944.223422920865,28.32670268762595,197
1404-04,3101,profit_loss,-286565393838.0,29.38832782364752,942.8783612571951,28.286350837715855,217
1404-04,3102,profit_loss,475891414922.0,29.51189901019749,946.8387440113523,28.40516232034057,96
1404-04,3105,profit_loss,-192504567259.0,29.40442390935301,943.3942311943321,28.30182693582996,216
1404-04,3141,profit_loss,-154419311328.0,29.41086823845724,943.6007680947137,28.30802304284141,213
1404-04,3201,profit_loss,-117501937932.0,29.417075562387954,943.7997091207815,28.313991273623444,212
1404-04,3221,profit_loss,-76240733113.0,29.42396796737974,944.0206065858478,28.32061819757543,207
1404-04,3301,profit_loss,372201592142.0,29.495964571622636,946.3280547682455,28.38984164304736,112
1404-04,3302,profit_loss,175658409713.0,29.465045964290965,945.3371318623673,28.360113955871018,149
1404-04,3321,profit_loss,127109923105.0,29.45725917167659,945.0875698079664,28.35262709423899,155
1404-04,3325,profit_loss,158244119406.0,29.462259818922924,945.2478375667129,28.357435127001384,151
1404-04,3331,profit_loss,2094580984322.0,29.732462653489318,953.9076770974145,28.617230312922434,34
1404-04,3341,profit_loss,-64174697356.0,29.42597457234458,944.0849170769828,28.322547512309484,205
1404-04,3351,profit_loss,191544066612.0,29.467580788001275,945.4183714489361,28.36255114346808,145
1404-04,3361,profit_loss,-15359121325.0,29.434051847886575,944.3437889357891,28.33031366807367,188
1404-04,3371,profit_loss,200558417285.0,29.46901632687329,945.4643796127353,28.36393138838206,142
1404-04,3401,profit_loss,1391468944731.0,29.6425635898188,951.0264657785312,28.530793973355937,55
1404-04,3402,profit_loss,211019530908.0,29.470679683979167,945.5176892149173,28.365530676447516,136
1404-04,3421,profit_loss,335801971828.0,29.490310133332223,946.1468333968642,28.384405001905925,117
1404-04,3501,profit_loss,-2581449932313.0,28.884332312817264,926.7256060317069,27.801768180951207,220
1404-04,3521,profit_loss,-68286519431.0,29.42529122059309,944.0630160613238,28.321890481839713,206
1404-04,3601,profit_loss,99783583487.0,29.452849425792373,944.9462400850945,28.348387202552832,161
1404-04,3701,profit_loss,115393495794.0,29.455370832186638,945.0270496546945,28.350811489640833,157
1404-04,3702,profit_loss,-77772850428.0,29.423712884984695,944.0124313473766,28.320372940421297,208
1404-04,3731,profit_loss,150547114144.0,29.46102588234573,945.2082906361015,28.356248719083045,152
1404-04,3801,profit_loss,-188963506625.0,29.405024839260918,943.4134906391118,28.302404719173353,215
1404-04,3901,profit_loss,334375615520.0,29.49008790607726,946.1397111460172,28.384191334380517,118
1404-04,4001,profit_loss,327968348304.0,29.489089039983906,946.1076980840708,28.383230942522122,119
1404-04,4021,profit_loss,226579527465.0,29.47314867600198,945.5968189352047,28.36790456805614,130
